,Gene,Frequency,Mean_F,Median_padj,Freq_Percent
0,TYMS,375,23.359614341432916,0.0011510419693921497,0.9375
1,ANLN,362,19.645182771411427,0.0028769535294173995,0.905
2,RRM2,347,20.33715105065461,0.002580332891945304,0.8675
3,MKI67,342,19.561669133053865,0.003089470236487735,0.855
4,JAK2,328,16.664007175493058,0.006684990318270219,0.82
5,CENPF,321,17.7924305750332,0.0042675921371531905,0.8025
6,UBE2C,320,16.966817474548435,0.005533787248524867,0.8
7,EZH2,318,17.567917744421283,0.005376996324624406,0.795
8,IL33,317,17.055371633022748,0.006321925268927938,0.7925
9,CD274,305,16.757931948624705,0.007392804928636235,0.7625
10,MS4A2,286,14.660329580330384,0.009698211574169589,0.715
11,CEP55,285,16.123738219732125,0.008022376025830362,0.7125
12,TNFSF12,281,15.175072505234443,0.009689699336331488,0.7025
13,CPA3,279,13.896148672005193,0.011733279029047725,0.6975
14,BIRC5,267,14.50711805615555,0.011425651916187659,0.6675
15,CDC20,254,13.8821882918743,0.011634584141791377,0.635
16,CD40,239,13.39052563459294,0.01505587661926307,0.5975
17,TLR4,224,12.573789045195742,0.019239800997925605,0.56
18,KIF2C,217,12.547159642734714,0.01789268032776538,0.5425
19,ITGB8,211,12.114517891598718,0.02031234747684451,0.5275
20,GBP4,210,12.427375640663344,0.020028200508150785,0.525
21,HELLS,206,12.474338921039697,0.020620948768987825,0.515
22,DNMT1,205,12.133253057779184,0.023522178013016627,0.5125
23,CCNB1,196,12.06761924303318,0.019851328019880037,0.49
24,ENTPD1,190,11.439238972445196,0.026433326605402034,0.475
25,MYCT1,176,10.607733018642568,0.02424726143364473,0.44
26,TNFSF13B,166,10.330456251982065,0.03958686501276337,0.415
27,GIMAP4,165,10.632452689128531,0.029275903150166607,0.4125
28,MELK,164,10.91496036837338,0.03069920631384273,0.41
29,TGFBR1,164,10.368753033354517,0.03080756630429541,0.41
30,JAK1,163,10.847665244185439,0.032415928354506976,0.4075
31,RBL2,158,10.473500993040718,0.048562202550763975,0.395
32,RAD51,150,9.963388307000482,0.038951309935845876,0.375
33,PDCD1LG2,140,10.157269180464148,0.0371596942466311,0.35
34,PECAM1,140,10.029973289985817,0.03310166849165753,0.35
35,H2AFX,139,9.852418988084194,0.03631679280738438,0.3475
36,ENO1,139,9.442095975631505,0.041011258843954214,0.3475
37,ITGA1,130,9.114067718782694,0.03998772251812922,0.325
38,IRF2,129,9.828842420413576,0.044519761394150675,0.3225
39,NECTIN1,129,8.6765459132412,0.054435121480915005,0.3225
40,BCL6B,126,8.956001935554186,0.04920460916121336,0.315
41,ROCK1,126,8.928339060590647,0.04890832273072927,0.315
42,GLS,122,9.245020990507145,0.05213204005016918,0.305
43,ZEB1,116,9.191762313667303,0.04502287105277493,0.29
44,CMKLR1,113,9.067563809004945,0.04720694402935205,0.2825
45,SIGLEC8,111,8.644871377589505,0.049044600062462716,0.2775
46,POLD1,110,8.525520793556343,0.0600644093371679,0.275
47,EIF4EBP1,109,8.064252364827178,0.054448569689968584,0.2725
48,IGF2R,108,8.532527013639381,0.06032141110898268,0.27
49,CCND2,106,8.5325911600778,0.051243906028007616,0.265
50,GBP2,105,8.984570920724941,0.05258570549925159,0.2625
51,LY96,96,8.899707621040157,0.051152445301197697,0.24
52,TBX21,96,7.987621238023227,0.05809491923050524,0.24
53,CDH1,95,8.266195869773878,0.06475280569227425,0.2375
54,CCL18,93,8.10584135087819,0.057867219556123235,0.2325
55,EXO1,90,7.88873618786622,0.07191141242672315,0.225
56,UBE2T,89,8.439116990670623,0.058658206302083266,0.2225
57,CDH5,89,8.38810781599658,0.05185952210825376,0.2225
58,NT5E,89,7.9502161453900335,0.06683549590985048,0.2225
59,SELP,88,8.157877931589052,0.05877755237007014,0.22
60,HLA-E,87,8.663751434060577,0.053076789687737436,0.2175
61,HLA-DQA1,87,8.39867427211663,0.05456860366863629,0.2175
62,VEGFC,81,7.95310937268845,0.052554438144025134,0.2025
63,TNFRSF10C,81,7.788662901013383,0.06097379555131585,0.2025
64,TPSAB1/B2,80,8.063572897761128,0.058408379184093355,0.2
65,PRKACB,78,8.16622277232886,0.05062722566347216,0.195
66,CXCR2,78,7.705514545958369,0.059238704256339564,0.195
67,MFGE8,78,6.736589405648288,0.1163503101528934,0.195
68,CDC25C,77,7.541522485135272,0.08255489056098003,0.1925
69,BRIP1,76,7.649748213687351,0.06832970548275981,0.19
70,IFNG,73,7.535174954172281,0.05846678004855539,0.1825
71,CD96,71,7.800928794478536,0.06797134687369884,0.1775
72,DAB2,68,7.8584270082601515,0.0671212579137074,0.17
73,MMRN2,68,6.8923648292783355,0.09664871259973658,0.17
74,MTOR,68,6.5403204610336,0.09489777195082336,0.17
75,KAT2B,67,7.498911305332521,0.0667344478610296,0.1675
76,FAP,67,6.992248661754038,0.08421935869031746,0.1675
77,KIT,65,7.069655751332837,0.07687933205065459,0.1625
78,TNFRSF9,65,6.7842562160287905,0.09424372201292722,0.1625
79,TFRC,65,6.326993582530094,0.09880351495943504,0.1625
80,MS4A4A,61,7.513448230522291,0.07644936213763084,0.1525
81,SNCA,61,6.564516854395488,0.10743147756456167,0.1525
82,STK11IP,61,5.460053771827709,0.14127641237373562,0.1525
83,CASP1,60,7.139255273081253,0.08815810471493914,0.15
84,PPARG,59,7.289901980796757,0.08447687883754651,0.1475
85,CTSS,59,6.989874257101676,0.10600977233065614,0.1475
86,DLL4,59,6.943395049582545,0.08669717969626331,0.1475
87,CSF2RB,58,7.686471639159912,0.07945297837138125,0.145
88,INHBA,58,6.167545531894316,0.11824903885411248,0.145
89,BLM,57,6.185103067548434,0.13292113557244561,0.1425
90,P2RY13,56,7.697738719618246,0.06358382864530276,0.14
91,CLEC14A,56,7.290217084895906,0.06601693639002382,0.14
92,GLI1,56,6.283714583474502,0.11977050263479516,0.14
93,ITGAX,55,6.9749606810943705,0.0979047857320765,0.1375
94,HLA-B,54,5.447258641654076,0.17133702495518857,0.135
95,PC,54,4.816400495622587,0.18064021148896703,0.135
96,ZEB2,53,8.272212272209696,0.05769960813332049,0.1325
97,TLR7,53,6.041382498149228,0.14276235012503474,0.1325
98,TCF3,53,5.6122033826921776,0.1469363206169973,0.1325
99,CD69,52,7.115913795315428,0.09095407778471093,0.13
100,ANGPT1,52,7.02153114665329,0.08142114802552691,0.13
101,B2M,51,6.606966347039973,0.10181670605690606,0.1275
102,FAS,50,6.440886670331009,0.10704916406392119,0.125
103,NRDE2,50,5.770463148167965,0.11369831150844303,0.125
104,VSIR,49,6.8155441643510395,0.088947443638343,0.1225
105,EOMES,48,6.827037647621598,0.09418324126680341,0.12
106,SIRPA,48,6.717159023013419,0.09049790273700714,0.12
107,HLA-DRB5,48,6.349234998883041,0.10470167828275476,0.12
108,CDH2,48,5.742388789056922,0.1271581031618757,0.12
109,A2M,47,7.64680734756606,0.06112647690486565,0.1175
110,RIPK3,47,6.67379010233755,0.09347768111181301,0.1175
111,WNT2,47,5.546228825776605,0.1393730669001601,0.1175
112,TNFSF4,47,5.232678679909294,0.15693433530861894,0.1175
113,TIE1,46,6.005138672027528,0.11002324062752228,0.115
114,IL11RA,46,5.398205792597237,0.14345113809960092,0.115
115,DPP4,45,6.285559185893383,0.12351301322728785,0.1125
116,HLA-A,45,6.265237368294911,0.10490674353306213,0.1125
117,ICAM2,45,6.149343430452225,0.12159523665122174,0.1125
118,IL18R1,45,5.827363027505676,0.12474279547361539,0.1125
119,PGPEP1,45,5.29745355843903,0.1551157289846712,0.1125
120,CD209,44,6.801630279132793,0.10154471867765003,0.11
121,PDZK1IP1,42,5.003623674678196,0.17754290106427348,0.105
122,NFAM1,41,6.891126026075703,0.09721868668604555,0.1025
123,CCL8,41,5.743899691843112,0.1006213415213078,0.1025
124,BNIP3L,41,4.877609651640931,0.1914082325845374,0.1025
125,CXCL1,41,4.513787639156086,0.18862841010746823,0.1025
126,CXCL3,41,4.331361224673488,0.1906830564582456,0.1025
127,BCL2L1,40,5.552765733147814,0.13341877407110744,0.1
128,CDH11,40,5.457599596539336,0.13025524294193125,0.1
129,BRCA1,40,4.91752352818367,0.20889021161236973,0.1
130,IL34,39,5.416554929118404,0.14717304729778174,0.0975
131,FGF13,39,4.81043348904372,0.19230988096408325,0.0975
132,FANCA,38,5.581514293274783,0.13675460960136093,0.095
133,LRRC32,38,5.483259554015499,0.12237606301367468,0.095
134,TPI1,37,6.38362957377789,0.09395788797359467,0.0925
135,PTEN,37,5.181056921884846,0.18552350341576368,0.0925
136,TLR3,36,4.749673368408043,0.19877810708420446,0.09
137,IL2RB,35,6.681647208286588,0.08911917323264867,0.0875
138,SLAMF7,35,6.387883954170721,0.10297621285178303,0.0875
139,HLA-DMB,35,5.671069207649299,0.13808762669038022,0.0875
140,MFNG,34,6.572655788964063,0.09067592307208058,0.085
141,HLA-DPB1,34,6.523520948445714,0.09314898088204793,0.085
142,MSH2,33,6.155912224026869,0.1036834179543889,0.0825
143,HLA-DQB1,33,5.8404993010390145,0.11581190233997343,0.0825
144,GHR,33,5.108418539512018,0.1649550375686799,0.0825
145,WDR76,33,4.715392003631191,0.18653788325376947,0.0825
146,GNG4,33,4.713111389198392,0.16788058682383514,0.0825
147,EPCAM,32,5.792464399750968,0.12707633661395562,0.08
148,CXorf36,32,5.624065486192653,0.12530945120448206,0.08
149,MAPK10,32,5.172128093786041,0.1556653565752941,0.08
150,VHL,32,4.603900283310716,0.19219275411285996,0.08
151,HDAC5,32,4.164383249085068,0.25610370333240495,0.08
152,TGFBR2,31,6.596174331223042,0.09037926911510943,0.0775
153,PKM,31,5.325627063703926,0.14731064845544573,0.0775
154,ITGAL,30,6.997925892935342,0.09938427213930112,0.075
155,CLECL1,30,6.119760980564808,0.08947220735811312,0.075
156,AXL,30,5.700384353267862,0.10839510139221253,0.075
157,SFRP4,30,5.269222037051637,0.14120747093102026,0.075
158,PRLR,30,4.918332551528412,0.17540358437573286,0.075
159,VEGFB,30,4.801273238494601,0.18978076677213215,0.075
160,SLC16A1,30,4.622196530698326,0.18506685404879802,0.075
161,HDAC3,30,3.3140886681454527,0.3931600523934044,0.075
162,TRAF1,29,5.513444899924426,0.13985625921390632,0.0725
163,BCL2,29,5.471819252029864,0.14461536322128143,0.0725
164,FAM124B,29,5.442687217996731,0.125580034884616,0.0725
165,ITGAV,29,4.871935269302636,0.15736148104969813,0.0725
166,AQP9,29,4.7703044813475435,0.16553913764540118,0.0725
167,ARID1A,29,4.255182877122054,0.19774065106809352,0.0725
168,IFI6,29,3.745248444558638,0.2507049657726317,0.0725
169,ARG1,29,3.7130292737688495,0.22313959761871296,0.0725
170,GIMAP6,28,7.381296386369378,0.06829104143101777,0.07
171,CCL19,28,6.046210163471887,0.10549616810528092,0.07
172,LCK,28,5.861449082151924,0.12469608422741704,0.07
173,ACVR1C,28,5.069058667879003,0.14844970405528657,0.07
174,CXCL2,28,2.8509900319496815,0.37258151472708134,0.07
175,PTPRC,27,6.5975424601658865,0.10058208721654575,0.0675
176,CCL14,27,6.151221597947468,0.10407559840376057,0.0675
177,HLA-DRB1,27,5.684783939675558,0.12452389981102255,0.0675
178,CCNE1,27,5.312932289355491,0.16945820998560215,0.0675
179,GLUD1,27,4.350078476577183,0.24819537692147003,0.0675
180,ISG15,27,3.703767442407702,0.2657890038096532,0.0675
181,IL2RG,26,5.651960276690882,0.1516306171527637,0.065
182,IDO1,26,4.637498865544545,0.1746263171310374,0.065
183,IFNGR1,26,4.468256937956495,0.2145843121307089,0.065
184,MICA,26,4.458777400624389,0.23206637510980055,0.065
185,MAGEA4,26,4.15798949926852,0.19824109059288791,0.065
186,HRAS,26,3.73297011758405,0.24512600033178644,0.065
187,PIK3R1,25,5.88336153186523,0.11688019801428748,0.0625
188,BRCA2,25,3.945650137144514,0.24437215891136105,0.0625
189,CCNO,25,3.833113276513559,0.27614370441873265,0.0625
190,IHH,25,3.502419953060645,0.31370107396880753,0.0625
191,HLA-C,24,5.255606891778334,0.13092728015195199,0.06
192,JAG2,24,3.8758491374735002,0.23994083465166965,0.06
193,CD45RB,23,6.219122201488351,0.1103787556134815,0.0575
194,AXIN1,23,3.852432989480003,0.23570232734267738,0.0575
195,CCND1,23,3.4091420512593755,0.30000480860991374,0.0575
196,LYZ,22,5.427918824485407,0.14078667305536957,0.055
197,SLC2A1,22,5.00504855803144,0.1466414972483863,0.055
198,ESR1,22,4.159981119688203,0.2164822772526371,0.055
199,CST2,22,3.487675417186174,0.2839770200043016,0.055
200,ITPK1,22,3.441707478699735,0.2649281575751587,0.055
201,TNFRSF11A,22,2.529045860827486,0.3761230043585153,0.055
202,CRABP2,21,4.195168551934155,0.22941446837443724,0.0525
203,PRKX,21,3.407908394989889,0.3223359047928178,0.0525
204,CD84,20,6.078081497405925,0.10487387254882019,0.05
205,TWIST2,20,5.768414764357048,0.09905582171206527,0.05
206,PRR5,20,4.929276505380091,0.16671935057192394,0.05
207,KIR2DL3,20,3.8463144191870846,0.23539190402522386,0.05
208,EIF5AL1,20,3.6968595319626933,0.2428983684853802,0.05
209,RPS6KB1,20,3.141217576753674,0.339024735417629,0.05
210,RIPK1,20,3.134643207584308,0.43632253808809934,0.05
211,PMS2,19,4.5596604838682895,0.1818142156038272,0.0475
212,ARNT2,19,4.184576183905076,0.20331937001861922,0.0475
213,NCR1,19,3.653530500942935,0.2561772206644364,0.0475
214,PIAS4,19,3.606343790036041,0.2263711194670595,0.0475
215,WNT7B,19,3.604154190221451,0.25871269725178403,0.0475
216,APC,19,3.5908613263954283,0.32340869257639066,0.0475
217,CXCL5,19,3.3576434916320634,0.27318431150247496,0.0475
218,TBXAS1,18,5.954965958328321,0.10838633181100163,0.045
219,IL22RA1,18,3.403287553791859,0.28811569832836703,0.045
220,CD45RO,17,5.935676065395947,0.12417254148267401,0.0425
221,NLRC5,17,5.0522677904789965,0.15375243191246213,0.0425
222,DTX4,17,3.22855060872413,0.3206823649508894,0.0425
223,SERPINB5,17,3.2097976671934076,0.3268949846115446,0.0425
224,MS4A6A,16,5.900537444826981,0.11252695611449454,0.04
225,CD7,16,4.980529337860553,0.1543246641072611,0.04
226,CD68,16,4.5841437176165964,0.19701557773359085,0.04
227,CXCR6,16,4.516905080117587,0.18276052462358722,0.04
228,PDGFB,16,3.889962681551156,0.2406973798383039,0.04
229,FSTL3,16,3.7781439672477943,0.2756362182627913,0.04
230,TPM1,16,3.2676476056069585,0.3150227174361493,0.04
231,RUNX3,16,2.8083631042913337,0.37524490216869905,0.04
232,SLC7A5,16,2.7901852404287357,0.3323656848327547,0.04
233,AREG,16,1.9851559842139688,0.5218761378376537,0.04
234,CD244,15,5.565635669306569,0.11388627863690876,0.0375
235,GZMH,15,5.54677994711099,0.12010893584651827,0.0375
236,PDGFRB,15,5.463728434468049,0.12461338948601679,0.0375
237,KLRK1,15,5.410418789846941,0.14481900420583238,0.0375
238,HAVCR2,15,4.63153135871579,0.18813499474571244,0.0375
239,CD247,15,4.49911941186687,0.198870548214659,0.0375
240,KDR,15,4.022874393066913,0.20652439762657782,0.0375
241,HDC,15,3.892922627886627,0.22833822123982142,0.0375
242,CCNA1,15,3.877706664614276,0.22914799991059398,0.0375
243,CXCL11,15,3.6737884397526206,0.2565351960882137,0.0375
244,TP53,15,3.073194247828721,0.31739338684091234,0.0375
245,IL21R,14,5.651365671939252,0.11342090784857688,0.035
246,GZMA,14,5.595883350270453,0.11999298625660179,0.035
247,IL2RA,14,5.142082335762684,0.1261599642795535,0.035
248,TIGIT,14,4.768655418782699,0.16830002015800113,0.035
249,CD58,14,4.2363080712836005,0.19680461505411953,0.035
250,HLA-DQA2,14,3.96723196870625,0.21109022790822976,0.035
251,SHC2,14,3.6603833319474104,0.2552510416441931,0.035
252,RICTOR,14,3.5480594762291857,0.2601740082285439,0.035
253,ERCC3,14,3.4258558680715794,0.2798529179607736,0.035
254,OAS3,14,2.9127313818087077,0.351677349661597,0.035
255,NFKB1,14,2.7767625285593964,0.41844840787672344,0.035
256,IKBKB,14,2.6154202362553267,0.3626159612598787,0.035
257,IER3,14,2.2320898335409014,0.4808937653365877,0.035
258,HLA-DPA1,13,5.210033299664631,0.1408875983140675,0.0325
259,SELL,13,5.1751744126176185,0.1392542381560297,0.0325
260,FCGRT,13,4.496592567915249,0.2005067531145009,0.0325
261,FLT1,13,4.443817974076153,0.16571774502325143,0.0325
262,CLEC4E,13,4.325584765260291,0.1706134429297439,0.0325
263,PTGS2,13,3.969692993796108,0.2328274423440757,0.0325
264,STAT3,13,3.8494292711148956,0.246414099641513,0.0325
265,CD47,13,3.5083376366989567,0.2699551395749306,0.0325
266,HMGA1,13,3.495623500551153,0.30649346487707385,0.0325
267,COL6A3,13,3.4009967553262697,0.2732904348820874,0.0325
268,CCL20,13,2.715276885037891,0.3869253646079106,0.0325
269,HDAC11,13,2.320666080316704,0.43653138294253113,0.0325
270,PLA1A,13,2.1672645779400175,0.5706606329231341,0.0325
271,CD8B,12,5.765165163534655,0.10765649084798248,0.03
272,IRF5,12,4.310132104844198,0.23112140466010483,0.03
273,BMP2,12,3.927614992335971,0.2264554738374593,0.03
274,CD44,12,3.807454422611363,0.25297706843053713,0.03
275,KIR3DL1,12,3.0716250681103774,0.3270886111290482,0.03
276,VEGFA,12,3.0122814203335846,0.33435114954620376,0.03
277,COL17A1,12,2.6769427227546503,0.3852345808616899,0.03
278,PDK1,12,2.61587999468003,0.37597027271734756,0.03
279,ZC3H12A,12,2.142248318132187,0.4488419498178313,0.03
280,IL10RA,11,5.858298501423097,0.12269460621922948,0.0275
281,CCR5,11,5.167583130227299,0.13389730088052243,0.0275
282,STAT4,11,4.655887405538939,0.18279999335624028,0.0275
283,CD86,11,4.292790552142448,0.20630142960230446,0.0275
284,ERBB2,11,4.24823999763711,0.21246752525323576,0.0275
285,TMEM140,11,4.0819241634441115,0.20001511399804645,0.0275
286,TNFSF13,11,4.00798402442695,0.20902438399739331,0.0275
287,TLR8,11,3.880991203242987,0.2577612072697596,0.0275
288,RB1,11,3.8709467499940886,0.24404647421078474,0.0275
289,NEIL1,11,3.4464148047702903,0.2617647398969737,0.0275
290,ITGA2,11,2.759272761380485,0.3336833515493204,0.0275
291,IL1A,11,2.7345045624914737,0.39699833860135353,0.0275
292,SFXN1,11,2.6761072599641205,0.3908726595148255,0.0275
293,PIK3CA,11,2.6571042208093467,0.3811578524247564,0.0275
294,PCK2,11,2.229564052408593,0.43819062720367186,0.0275
295,PPARGC1B,11,2.1514147190792983,0.4430235451379086,0.0275
296,HMGB1,11,2.0285006233578398,0.49076220938778825,0.0275
297,GZMK,10,5.922533785263165,0.10726225192743907,0.025
298,PTGER4,10,4.804571044495905,0.1653528052958922,0.025
299,LILRB4,10,4.585438295638303,0.1705658599617712,0.025
300,FCGR2B,10,4.514742282609554,0.16006702964208563,0.025
301,CXCR3,10,4.139972371582066,0.23094700191595358,0.025
302,KLRB1,10,4.1118937123688815,0.226164887694439,0.025
303,CCL22,10,4.099475878600926,0.19909483331396266,0.025
304,CDK2,10,3.9224336137386913,0.2210413620226419,0.025
305,CEACAM3,10,3.585881691166098,0.2490171832774039,0.025
306,NRAS,10,2.9894734394208466,0.3339225119771556,0.025
307,OTOA,10,2.8000561582089096,0.3708383835463179,0.025
308,IL1R2,10,2.7982576882450063,0.38368547972777295,0.025
309,COL11A1,10,2.4661163987788317,0.4171177517705632,0.025
310,PIK3R2,10,2.364805928039121,0.44757653521067364,0.025
311,IFNAR1,10,2.3410224420242285,0.48023032653578857,0.025
312,CXCL8,10,2.2927025831051315,0.4389890846752319,0.025
313,ATF3,10,2.01875264992303,0.4630980608064107,0.025
314,CCL21,10,1.747497428933941,0.48371082787038755,0.025
315,MAP3K7,10,1.6875871345424565,0.4965155600976735,0.025
316,CD8A,9,4.985409949984407,0.16608001101910294,0.0225
317,KLRD1,9,4.431020870896168,0.18562734493872307,0.0225
318,CDKN1A,9,3.8444583473708334,0.255372226815882,0.0225
319,BATF3,9,3.6101892892349667,0.2583013090803975,0.0225
320,CASP3,9,3.2602873862725357,0.31735987055569825,0.0225
321,NOD2,9,3.182270923153315,0.3478337272639799,0.0225
322,ITGAE,9,2.9317202438111076,0.3325931976336168,0.0225
323,SOX2,9,2.526750323629983,0.40274719974519935,0.0225
324,GUSB,9,2.454144706623274,0.427407719867544,0.0225
325,CDKN1C,9,2.2553504791122494,0.4819431012860056,0.0225
326,IFITM1,9,2.218019150383404,0.4263385521871213,0.0225
327,HEY1,9,2.0863859027173777,0.5322274761828389,0.0225
328,GPC4,9,1.9397398256480494,0.5103116597081269,0.0225
329,CD3D,8,5.877887599426483,0.1077241473871668,0.02
330,ITGAM,8,4.5452746604647505,0.17099302767771762,0.02
331,FPR3,8,4.4395669049704,0.18040746233682453,0.02
332,OLFML2B,8,4.248205838793804,0.18115924341172718,0.02
333,GPSM3,8,4.1489542331643925,0.22376090694685224,0.02
334,HLA-F,8,4.1150095729655805,0.1983006031908216,0.02
335,HLA-DMA,8,3.9304827261900583,0.22423881085826147,0.02
336,PUM1,8,3.4715613469538886,0.22801903662407064,0.02
337,ATM,8,3.3708521662174915,0.2735875904298022,0.02
338,MAGEC2,8,3.0687638130525228,0.3154398495523436,0.02
339,FZD9,8,2.907723165309702,0.31206232012500196,0.02
340,TREM2,8,2.8729869916437774,0.34511843182450297,0.02
341,THY1,8,2.710331953538478,0.3783592941099443,0.02
342,DTX3L,8,2.6952516722258872,0.37910236459058333,0.02
343,PTCD2,8,2.450378395396324,0.43202710288850965,0.02
344,CDK6,8,2.4374399883688267,0.41527183288848846,0.02
345,IL2,8,2.421130187708812,0.4655599053965548,0.02
346,CXCL10,8,2.3469170578061282,0.46440080310320664,0.02
347,RORC,8,2.229456066254338,0.45761384234234925,0.02
348,PFKM,8,1.9405878114748345,0.5025700985792703,0.02
349,CHUK,8,1.8001015049016678,0.568088794685888,0.02
350,DUSP2,8,1.7894051963851247,0.5183685338038686,0.02
351,CYBB,7,4.601279041104204,0.17528243952485567,0.0175
352,FBP1,7,2.803300771047728,0.38232530159794476,0.0175
353,TNFSF10,7,2.6296589060888813,0.3869479739559613,0.0175
354,TNFRSF10D,7,2.334164328020505,0.4399974735349145,0.0175
355,MRE11,7,2.3339664495406156,0.440531984441909,0.0175
356,SMAP1,7,2.3191528995371993,0.4596691579870469,0.0175
357,SREBF1,7,2.0343671279444617,0.46061749228013404,0.0175
358,CLEC5A,7,1.9693144508843048,0.46996556976705206,0.0175
359,FLNB,7,1.8142545116962754,0.502789158828935,0.0175
360,CD3G,6,4.997653046033425,0.14629131393831066,0.015
361,CD3E,6,4.843916669903263,0.14525900455414997,0.015
362,C1QA,6,4.348119688662068,0.17861819772936835,0.015
363,CLEC7A,6,4.197431095024324,0.22194821306701615,0.015
364,PIK3R5,6,4.192616109048267,0.20581120564617816,0.015
365,LILRA1,6,4.104964647924552,0.17054879150226543,0.015
366,LAMB3,6,3.1800786182849574,0.29731560050876565,0.015
367,TNFRSF1A,6,3.1727552257212004,0.3111533522712342,0.015
368,COL5A1,6,3.0895796429633733,0.30793275660015285,0.015
369,WNT10A,6,2.944906163734156,0.34876657567029834,0.015
370,MAP3K5,6,2.723683359665238,0.37075129084486924,0.015
371,SMAD5,6,2.7154951560183487,0.35737742816415274,0.015
372,CXCL14,6,2.6855044859174257,0.3939498957935307,0.015
373,PARP4,6,2.507313105215241,0.396109373903557,0.015
374,S100A12,6,2.395682573753524,0.4232902421049066,0.015
375,TTC30A,6,2.3349343215957976,0.4457188102235058,0.015
376,LOXL2,6,2.2362127642215874,0.42844615154586496,0.015
377,CES3,6,2.202452869207595,0.4861888824333276,0.015
378,CTAG1B,6,1.8983090431028689,0.5116023742857897,0.015
379,MRPL19,6,1.751982088132051,0.54360763328065,0.015
380,IL17A,6,1.7211421531609261,0.5810909446188502,0.015
381,CTNNB1,6,1.5360876744189411,0.6053835899765161,0.015
382,DEFB134,6,1.515685569078679,0.5781841274906733,0.015
383,IKBKG,6,1.4646353792458273,0.553542955664037,0.015
384,LIF,6,1.4565105405725984,0.604173324251426,0.015
385,CD19,6,1.413937956082481,0.5889602286137505,0.015
386,CD48,5,5.2653541060296245,0.13247935242945524,0.0125
387,LILRB2,5,5.062950439270849,0.14869816172068362,0.0125
388,PIK3CG,5,4.837222586075457,0.1600953262180672,0.0125
389,C5AR1,5,4.476500936400333,0.18362780626077468,0.0125
390,FCGR2A,5,4.448089163783999,0.16809485578555156,0.0125
391,TGFB3,5,4.110678160071972,0.1969138944972405,0.0125
392,CCR2,5,3.7945478732999742,0.248746124187614,0.0125
393,CXCL13,5,3.2480114332144683,0.25054101206636425,0.0125
394,CD79B,5,3.172325092212843,0.26426630493539205,0.0125
395,PFKFB3,5,2.9375042951549926,0.3168842916162154,0.0125
396,FUT4,5,2.773845497093438,0.33948493188521356,0.0125
397,TRIM21,5,2.6650806651620718,0.39101155596663323,0.0125
398,FCGR3A/B,5,2.4948549882592728,0.40114909295478957,0.0125
399,IRF7,5,2.494005900436307,0.3860973928258413,0.0125
400,IL15,5,2.4137576931322933,0.4078710915225569,0.0125
401,MXI1,5,2.225742085804076,0.4408461119385654,0.0125
402,MAGEA12,5,2.0676088265391055,0.442817624854953,0.0125
403,DLL1,5,2.0174626525250607,0.513491439205722,0.0125
404,ARG2,5,1.9659971386000126,0.478548163135174,0.0125
405,IRF1,5,1.899873621162334,0.5390760405523265,0.0125
406,BNIP3,5,1.8301538767952283,0.5157126460533412,0.0125
407,XCL1/2,5,1.7541633742167682,0.47186364250870333,0.0125
408,ALDOC,5,1.647494839423731,0.5677641828639264,0.0125
409,G6PD,5,1.6029625196084174,0.5482741258436351,0.0125
410,RELN,5,1.5772920046651715,0.5460670029386203,0.0125
411,RASGRF1,5,1.5054219963105056,0.5552232112114577,0.0125
412,WNT4,5,1.3868955443044717,0.5903199828944874,0.0125
413,TLK2,5,1.3794752417810587,0.6157898654744711,0.0125
414,STC1,5,1.355791470341711,0.6137219980845844,0.0125
415,ID4,5,1.1906920201163465,0.6492334543606645,0.0125
416,ELOB,5,1.0697232483963524,0.6518500107910333,0.0125
417,CXCL9,4,4.467666709700776,0.16700921096231053,0.01
418,IL16,4,4.272416970245701,0.21105166820324062,0.01
419,CCL5,4,4.211311169779497,0.2086900630701117,0.01
420,SELE,4,3.6661728637591535,0.21979298067361505,0.01
421,LDHB,4,3.5325331562466897,0.2438540703374803,0.01
422,CD45RA,4,3.437963742949088,0.26163825704326404,0.01
423,HSD11B1,4,3.3373334514706876,0.23534717980390224,0.01
424,PSMC4,4,2.9527352096348762,0.3205704507001315,0.01
425,PSMB9,4,2.9129222485744397,0.3253615081792377,0.01
426,TLR5,4,2.7350067820747257,0.3363937955151862,0.01
427,FADD,4,2.71970979316846,0.3507961434450992,0.01
428,ADORA2A,4,2.6179180137069413,0.41950163556707254,0.01
429,NFATC2,4,2.323960278431484,0.43655840699731263,0.01
430,SF3A1,4,1.9684088694113553,0.43919145643154245,0.01
431,JAG1,4,1.8889166831073942,0.5499114659316344,0.01
432,PROM1,4,1.7861680708294647,0.5314325600770587,0.01
433,TMUB2,4,1.73649796447653,0.5756907789100798,0.01
434,MICB,4,1.6951049745117228,0.5307090373854788,0.01
435,TNFRSF11B,4,1.6711162000273128,0.5477194988380601,0.01
436,MAML2,4,1.5845304840935552,0.5329831604828084,0.01
437,MAP3K12,4,1.5609443482634182,0.5073876986237229,0.01
438,STAT2,4,1.5277933519329923,0.6429976792420002,0.01
439,TNFRSF25,4,1.476251064237763,0.5644730492907599,0.01
440,FGFR1,4,1.473741893469961,0.6024709005854532,0.01
441,HES1,4,1.0711976244495878,0.6559475635623896,0.01
442,BAMBI,4,1.0657219267241256,0.6639653086725171,0.01
443,SAMSN1,3,3.6940019032677265,0.24905508259646256,0.0075
444,ITGB2,3,3.647976588916977,0.24055931028916988,0.0075
445,IFI16,3,3.5678402679322376,0.2516837604670251,0.0075
446,SIGLEC5,3,3.4125077357859976,0.22405095311416567,0.0075
447,TLR1,3,3.2996151628383914,0.28306223959007437,0.0075
448,SPIB,3,3.2355066713028604,0.27259124114424976,0.0075
449,JAK3,3,2.8017188090656697,0.39164830857618693,0.0075
450,CBLC,3,2.7190829433453167,0.3711854342368539,0.0075
451,COMP,3,2.5914689790440373,0.3345226140095574,0.0075
452,FCGR1A,3,2.405178394821645,0.45213436042347943,0.0075
453,TNFAIP6,3,2.3769877876144947,0.42936709718708327,0.0075
454,COL11A2,3,2.3532741398686694,0.3782148283752964,0.0075
455,ADAM12,3,2.2556096897205236,0.44754812098291363,0.0075
456,SRP54,3,2.187381264558914,0.46451843456059794,0.0075
457,LDHA,3,2.122894443827046,0.4073627071858902,0.0075
458,NGFR,3,2.1215035127458917,0.5028972375793761,0.0075
459,EIF2B4,3,2.0131035543084725,0.4325293365721399,0.0075
460,PSMB5,3,1.9967745596442894,0.5099210375035494,0.0075
461,TNFSF9,3,1.9117109044382568,0.4577263769002523,0.0075
462,MMP9,3,1.8724504577982595,0.46908009080224866,0.0075
463,DKK1,3,1.8436746870107714,0.5206965246964155,0.0075
464,TBC1D10B,3,1.783143843859723,0.506234639617452,0.0075
465,TNFRSF10B,3,1.7207713134069698,0.5437758564869963,0.0075
466,ROR2,3,1.6555906399690525,0.574112831204187,0.0075
467,TAP1,3,1.6002807484697663,0.562711299468467,0.0075
468,AKT1,3,1.5858320642956152,0.5421869122817011,0.0075
469,CXCR4,3,1.5386722150881038,0.5948864884935259,0.0075
470,CCL7,3,1.4767253694587583,0.58609703638338,0.0075
471,BID,3,1.4602494474792533,0.611523140947392,0.0075
472,RAD51C,3,1.373106689840252,0.6090609369614702,0.0075
473,NBN,3,1.366541402797538,0.6430745761214409,0.0075
474,WNT2B,3,1.340023358046916,0.5905375056059059,0.0075
475,EGF,3,1.3139535786902306,0.6214815171903552,0.0075
476,IL4,3,1.2936328216768664,0.5987526899309878,0.0075
477,IL1RN,3,1.2577742277682393,0.6222461867714224,0.0075
478,REN,3,1.2533061234238898,0.6299432913808699,0.0075
479,SPRY4,3,1.1985776168746503,0.6380412802524458,0.0075
480,KRAS,3,1.185700956189814,0.6375263048624115,0.0075
481,CASP8,3,1.1635382790353004,0.6316422037741721,0.0075
482,CCL13,3,1.1116400592661846,0.6663548527418707,0.0075
483,NDUFA4L2,3,1.0687392291633444,0.67083926271605,0.0075
484,PRKCA,3,0.9902024469400916,0.6768712362796914,0.0075
485,NKG7,2,4.545457244512975,0.15420813872152922,0.005
486,CD2,2,4.36351441326047,0.15398298645352332,0.005
487,C1QB,2,4.0724455714848515,0.20291892639718123,0.005
488,CCR4,2,3.9460992389708385,0.19360672479202037,0.005
489,IRF8,2,3.588214766740848,0.2768690645652292,0.005
490,HLA-DRA,2,3.3893080794928108,0.2545906997952547,0.005
491,VCAM1,2,3.2827534373743474,0.2926606611871925,0.005
492,TNFRSF14,2,3.2334949743512245,0.3028131769753573,0.005
493,CD1C,2,3.0605692277938488,0.2762775957720359,0.005
494,SIGLEC1,2,2.9636464625962846,0.32330091150893303,0.005
495,CSF3R,2,2.849931479178928,0.2839806671537033,0.005
496,MAP3K8,2,2.6083985217038244,0.38497156085910444,0.005
497,ALDOA,2,2.5352664218928074,0.3334259920360902,0.005
498,C7,2,2.462286438575151,0.37489174038901296,0.005
499,THBS1,2,2.384826032970999,0.4342632036536929,0.005
500,NID2,2,2.341985411722372,0.42704172899355436,0.005
501,TWIST1,2,2.3115687329672165,0.4191109112512561,0.005
502,F2RL1,2,2.276715827786504,0.4368113034199825,0.005
503,MMP1,2,2.2315698035675013,0.39400622317191847,0.005
504,CD38,2,2.193617301072945,0.47150585677808016,0.005
505,HDAC4,2,2.1358112445905517,0.4633398524046565,0.005
506,SFRP1,2,2.122899442159706,0.47786958341146646,0.005
507,HLA-DOA,2,2.1064618855365724,0.4152721305122876,0.005
508,ANGPT2,2,2.0348152523330403,0.46566744401460447,0.005
509,NECTIN2,2,2.0120264090453426,0.44092240839643004,0.005
510,IL18,2,1.8968542349052628,0.5096852027277952,0.005
511,BRD3,2,1.8946737111994663,0.4736008024409925,0.005
512,GOT1,2,1.828198847406923,0.47261193486728914,0.005
513,CX3CL1,2,1.8052579629196734,0.554210603892549,0.005
514,IL32,2,1.80274075417289,0.5339994110104407,0.005
515,SOCS1,2,1.7299818945750343,0.5437887260213313,0.005
516,SOX10,2,1.7162927549239029,0.47671382017869435,0.005
517,COL4A5,2,1.689431591832099,0.5573733636642195,0.005
518,MLH1,2,1.6191147055873056,0.5892220338206549,0.005
519,HLA-DOB,2,1.5572081648593927,0.5929833631492514,0.005
520,SYK,2,1.5177353759822034,0.5522607354695397,0.005
521,LAG3,2,1.4672692875829665,0.5866895730452656,0.005
522,TNFSF18,2,1.465435705096287,0.5392031474408474,0.005
523,S100A8,2,1.4125105676003091,0.5888112167971864,0.005
524,RPTOR,2,1.353153114652896,0.5581112821132452,0.005
525,EDN1,2,1.3487651431485939,0.594732943131182,0.005
526,POLR2A,2,1.3385392068856856,0.6123560134898481,0.005
527,FGF9,2,1.2793516993212846,0.5670230182338531,0.005
528,TMEM173,2,1.276882853649938,0.564574591994528,0.005
529,GOT2,2,1.2641226574305948,0.6433755612180778,0.005
530,NFKB2,2,1.2612950308806756,0.6294420496899331,0.005
531,FGF18,2,1.246774267559455,0.6162832276171566,0.005
532,HK1,2,1.2295767729374083,0.6314630246073736,0.005
533,CXCL16,2,1.2194926988694201,0.6307747501440158,0.005
534,RNLS,2,1.2078477566264376,0.6314794975195519,0.005
535,SERPINA1,2,1.2057591225654014,0.6390416744100917,0.005
536,MX1,2,1.2010662673269532,0.6720960663937334,0.005
537,IL11,2,1.195788911387684,0.6607419511878232,0.005
538,TLR9,2,1.1796851177542518,0.6379745798899197,0.005
539,RELA,2,1.1671316294387541,0.6396657238034278,0.005
540,FOXP3,2,1.1241475571825281,0.6318063317430443,0.005
541,MMP7,2,1.1095282686151393,0.6473434796300762,0.005
542,PDGFA,2,1.1027586917263,0.6737660079844008,0.005
543,EGFR,2,1.0914938790238629,0.6329382928148442,0.005
544,PNOC,2,1.0605374668229652,0.6785828828000366,0.005
545,CSF1,2,1.0603202385082726,0.6550887235316867,0.005
546,OASL,2,1.057045077733417,0.6743013694342274,0.005
547,BBC3,2,1.0503201919562992,0.644956401164463,0.005
548,EPM2AIP1,2,1.0481710109241644,0.7000356002492203,0.005
549,SOX11,2,1.04613642191162,0.6324993319665898,0.005
550,IL12RB2,2,1.0415510765019969,0.6508752908209376,0.005
551,PF4,2,1.0363185332522762,0.6855613304139618,0.005
552,WNT5A,2,1.0156279343885708,0.7024804260348596,0.005
553,TGFB2,2,0.9915459346458413,0.6992396362459565,0.005
554,IFITM2,2,0.9773604883203433,0.6574524542473317,0.005
555,FASLG,1,4.6715030678735445,0.14273659568586733,0.0025
556,SIRPB2,1,4.007565378190902,0.19987591436375282,0.0025
557,HCK,1,3.9989073571335543,0.2066983870194559,0.0025
558,TNFRSF1B,1,3.546476451492491,0.2608698394622591,0.0025
559,PRF1,1,3.4051936082362575,0.23228204436183306,0.0025
560,CTSW,1,2.9403745039093154,0.3026690722584883,0.0025
561,VCAN,1,2.787940560166131,0.3335257861332814,0.0025
562,PDCD1,1,2.7179597764589793,0.3084869472025972,0.0025
563,SH2D1A,1,2.704305096090841,0.3266068325012812,0.0025
564,TRAT1,1,2.7027370221893205,0.36374305809388235,0.0025
565,TGFB1,1,2.6757011604361094,0.3240770553635292,0.0025
566,TLR2,1,2.6252609775916507,0.3629307439587434,0.0025
567,LAMC2,1,2.576717578825545,0.3803533627735653,0.0025
568,CXCL12,1,2.4586551370324004,0.40153021126446764,0.0025
569,CCL3/L1,1,2.30228528898187,0.3933650535888952,0.0025
570,MS4A1,1,2.2142213359443796,0.4215173351874383,0.0025
571,ZAP70,1,2.080014709533302,0.40885037678492736,0.0025
572,BAD,1,2.018106789343575,0.42424366479946624,0.0025
573,CD70,1,1.9381453227346632,0.47037415581373243,0.0025
574,FCRL2,1,1.9287836607267463,0.47945525710720405,0.0025
575,MSH6,1,1.7899297873191315,0.5420784299261523,0.0025
576,MGMT,1,1.7818871359000794,0.5264933200349338,0.0025
577,TSLP,1,1.760737715907332,0.5088523836055234,0.0025
578,PSMB10,1,1.7594407656960458,0.5466408475833435,0.0025
579,VTCN1,1,1.7506681895039782,0.5318734679051038,0.0025
580,BBS1,1,1.735650360641403,0.5553246701309014,0.0025
581,EIF2AK2,1,1.7343065802958255,0.5148339883502862,0.0025
582,APOE,1,1.7012365442850401,0.5704896021151802,0.0025
583,API5,1,1.6517683570311028,0.4815073579619584,0.0025
584,MAGEC1,1,1.6271728386007822,0.5530552039970443,0.0025
585,UBA7,1,1.58233515087869,0.5464077587290744,0.0025
586,EGR1,1,1.5617720543587417,0.5869330872526662,0.0025
587,DNAJC14,1,1.5507672364909815,0.5171236187271743,0.0025
588,ICAM5,1,1.5438225216237151,0.554551328467641,0.0025
589,DUSP1,1,1.5300873885329178,0.5929740647530203,0.0025
590,TICAM1,1,1.5199844439941248,0.5694853790133546,0.0025
591,E2F3,1,1.485721309870114,0.5989223199392468,0.0025
592,P4HA1,1,1.450974038877641,0.5594241535095955,0.0025
593,LTBP1,1,1.4121735532051058,0.6078709156477835,0.0025
594,BAX,1,1.3858573734165052,0.5728607274567201,0.0025
595,NCAM1,1,1.3651516398253514,0.5725367740034579,0.0025
596,IRF9,1,1.3147011933739656,0.5787133718709617,0.0025
597,BIRC3,1,1.312688868278412,0.60894927252981,0.0025
598,PTPN11,1,1.294363320678888,0.5969642911312003,0.0025
599,GPR160,1,1.2915507498882588,0.6164881270141833,0.0025
600,ITGB3,1,1.2740511854377499,0.6222872976547902,0.0025
601,MYC,1,1.2565082875579077,0.6507501304665073,0.0025
602,MARCO,1,1.2394833705952715,0.6462971652744032,0.0025
603,PSMB8,1,1.2271268407236477,0.6167914358112114,0.0025
604,IL24,1,1.2269313052322135,0.6259054221045026,0.0025
605,ICAM1,1,1.2056586841888555,0.6504300165791095,0.0025
606,IRF3,1,1.2044676053059988,0.6202991566210085,0.0025
607,SERPINH1,1,1.1997992657173433,0.6146851709258254,0.0025
608,NOTCH2,1,1.17931302857772,0.5940423740130338,0.0025
609,SAMD9,1,1.1634067923713003,0.6433784989476719,0.0025
610,FOSL1,1,1.1627594656919242,0.6555577949365821,0.0025
611,KIR3DL2,1,1.1620193094126017,0.6844841752315094,0.0025
612,C5,1,1.1615318608053133,0.5867245045129554,0.0025
613,OAS1,1,1.1588058608530107,0.6612824127666638,0.0025
614,WNT11,1,1.1583153496944116,0.6671759275746851,0.0025
615,PRKAA2,1,1.156422675572405,0.6720605322602922,0.0025
616,HIF1A,1,1.155553055181131,0.6192579772500235,0.0025
617,GAS1,1,1.1523817906613665,0.6493756004454276,0.0025
618,CEBPB,1,1.1500568819644785,0.6526798777772682,0.0025
619,TNKS,1,1.1464185969571148,0.6295831542649468,0.0025
620,IL1B,1,1.143927907936019,0.6484888519555171,0.0025
621,PVRIG,1,1.138913002112857,0.6166046523909431,0.0025
622,ULBP2,1,1.1293668627625713,0.6501391634701648,0.0025
623,WNT5B,1,1.1241914564453899,0.6663050590700936,0.0025
624,NOS2,1,1.1157623303390045,0.6645118405375215,0.0025
625,GMIP,1,1.115263737698669,0.672692170761575,0.0025
626,RPL7A,1,1.1076012711502545,0.6305113060283378,0.0025
627,NFIL3,1,1.0917666231164267,0.6438430286049763,0.0025
628,FZD8,1,1.0915071466973458,0.6328741053669926,0.0025
629,LAMA1,1,1.0913802474656011,0.6448465227391559,0.0025
630,DUSP5,1,1.0774337759482102,0.6707310086765855,0.0025
631,RAD50,1,1.0753581092006756,0.6691167468028625,0.0025
632,BCAT1,1,1.0752844919931643,0.6404414955682092,0.0025
633,CSF2,1,1.0707270008391843,0.6754033103116854,0.0025
634,TDO2,1,1.0703672132878959,0.6444997730316468,0.0025
635,IFI27,1,1.0703356759417264,0.6387275423585211,0.0025
636,TNFRSF17,1,1.0703079703375784,0.6255590161780793,0.0025
637,SBNO2,1,1.064110055244412,0.634932291073555,0.0025
638,PLOD2,1,1.0603619238375235,0.6414965950091456,0.0025
639,RELB,1,1.0354259511871666,0.672954992576859,0.0025
640,CCL2,1,1.0351730210385803,0.7065041262739725,0.0025
641,MLANA,1,1.030677111662009,0.6472137326950113,0.0025
642,HNF1A,1,1.0266381342646467,0.6617946279929307,0.0025
643,GZMM,1,1.019955973398924,0.6726217604183028,0.0025
644,IFNA1,1,1.0102681189246543,0.6897526230052373,0.0025
645,IL6,1,1.0055557653261937,0.6730993353788247,0.0025
646,CCL4,0,3.7716887888723103,0.19789830712316114,0.0
647,LAIR1,0,3.664453972619543,0.2098451828606117,0.0
648,ICOS,0,3.6194460609346426,0.20861453576004046,0.0
649,CD28,0,3.4948504887075966,0.25190644066980683,0.0
650,ROBO4,0,3.3612880968277477,0.23125383937475846,0.0
651,CD74,0,3.3509885668265746,0.24825590668713526,0.0
652,CSF1R,0,3.2412863515825836,0.2751264139572789,0.0
653,CD300A,0,3.226161195583623,0.25435755934168425,0.0
654,CD40LG,0,2.995997508240795,0.28264581600379,0.0
655,GZMB,0,2.9940310647443242,0.2573916103232865,0.0
656,CTLA4,0,2.844114472504289,0.2769188362186358,0.0
657,GNLY,0,2.80533837076019,0.33873641386116,0.0
658,TNFSF8,0,2.6099268726250604,0.3635511976870951,0.0
659,CD163,0,2.558465913400074,0.35513883190969353,0.0
660,ITGA4,0,2.5442054883824103,0.37171735863070243,0.0
661,APOL6,0,2.5073726630986353,0.3789414485828795,0.0
662,IL7R,0,2.459535386947013,0.3831835945591276,0.0
663,IL10,0,2.4233330527255648,0.4168716653406608,0.0
664,CD4,0,2.397693300936628,0.4190200974592029,0.0
665,LY9,0,2.2992921452128923,0.3688959639803195,0.0
666,FCN1,0,2.2492677027409536,0.3843146383657033,0.0
667,SDHA,0,2.173080535060783,0.4169646072686756,0.0
668,CD80,0,2.168803051385791,0.4351475091826536,0.0
669,CD5,0,2.0779960120294407,0.5053384006047841,0.0
670,MRC1,0,2.0625554034019995,0.46126073077439533,0.0
671,FPR1,0,2.021324040161322,0.3973790849103588,0.0
672,OLR1,0,2.010280179837795,0.4551103644556195,0.0
673,BLK,0,1.9697731506208946,0.4538747625690627,0.0
674,IFI35,0,1.955779550830979,0.4562068622199909,0.0
675,IRF4,0,1.9529180896596374,0.5194389722152575,0.0
676,TNFRSF18,0,1.9080823327178738,0.40961940189048174,0.0
677,CD6,0,1.88559204084737,0.492014314101535,0.0
678,NLRP3,0,1.8808038243529266,0.4998924171386583,0.0
679,SGK1,0,1.8354625470419075,0.5424608069360053,0.0
680,NF1,0,1.7528094746714635,0.5563622047743851,0.0
681,SNAI1,0,1.7134278526252087,0.5479115424399263,0.0
682,CD79A,0,1.6639930424890332,0.5745907391900258,0.0
683,CD36,0,1.63410637684654,0.5546632577476343,0.0
684,CD14,0,1.6335446937540161,0.5112451363980036,0.0
685,ABCF1,0,1.608659396092479,0.5295531961672529,0.0
686,ICAM3,0,1.59375286800683,0.5949907236384839,0.0
687,TNFRSF4,0,1.5574652897770698,0.5388552543462075,0.0
688,GLUL,0,1.5562143395047383,0.5964594957485563,0.0
689,MYD88,0,1.5303015654462302,0.6167090430806959,0.0
690,RASAL1,0,1.4840507437407426,0.5957836332267469,0.0
691,LGALS9,0,1.4458573212298376,0.5849625435140476,0.0
692,CX3CR1,0,1.407856710098696,0.5791524919051196,0.0
693,CXCL6,0,1.3996047451124054,0.5594284204655704,0.0
694,PALMD,0,1.3924105911411813,0.5828297262262222,0.0
695,TNFRSF8,0,1.3613713222043304,0.5955847971472935,0.0
696,FYN,0,1.359975207677598,0.6091538655745306,0.0
697,ADGRE1,0,1.357614473861192,0.6001345254228201,0.0
698,PIK3CD,0,1.3551243928392547,0.6149979971795811,0.0
699,CDKN2A,0,1.347468238906157,0.6021295830677735,0.0
700,DDB2,0,1.3300905491935275,0.615917467072528,0.0
701,THBD,0,1.3061407583808224,0.628734920302999,0.0
702,BTLA,0,1.2907206337892183,0.5798595904017968,0.0
703,IFIT2,0,1.2854240951063005,0.5779346123193216,0.0
704,RPL23,0,1.276787723355126,0.6191076923665485,0.0
705,SLC1A5,0,1.2632121062200874,0.6227772427588633,0.0
706,LILRA5,0,1.2631981337601026,0.6097963514373956,0.0
707,TWF1,0,1.2524910024103801,0.6175651223048991,0.0
708,OAZ1,0,1.2523869635541205,0.5955955751714951,0.0
709,NOTCH1,0,1.2465561430233272,0.6058406836611165,0.0
710,CDKN2B,0,1.2058227429888917,0.5930262706134525,0.0
711,GBP1,0,1.2049433743446198,0.6127118468379089,0.0
712,MAGEB2,0,1.201445454327888,0.6130369366238374,0.0
713,MAGEA3/A6,0,1.1936037507197208,0.6183973882137215,0.0
714,TBP,0,1.1902331977269685,0.6199277444117104,0.0
715,CCND3,0,1.1893648154628411,0.6544378677980959,0.0
716,RSAD2,0,1.1879842220851027,0.5912399176823858,0.0
717,BRD4,0,1.1800280340840508,0.6031171965575184,0.0
718,IL6R,0,1.1796545595947778,0.6381921021368138,0.0
719,FCAR,0,1.1675116968066244,0.6618410827490158,0.0
720,DEPTOR,0,1.1615569965144636,0.6190914326172129,0.0
721,MAGEA1,0,1.14453840589954,0.6364977178351872,0.0
722,APLNR,0,1.1389277335671977,0.6312775771372998,0.0
723,HK2,0,1.1355145604455397,0.6279782866334289,0.0
724,APH1B,0,1.131557705660782,0.6421587715897661,0.0
725,TAF3,0,1.127608157395432,0.6332577677131352,0.0
726,PLA2G2A,0,1.12709059865281,0.6403177694799476,0.0
727,CNTFR,0,1.1254105042375457,0.6262283215368125,0.0
728,UBB,0,1.1220056797074713,0.630508471523593,0.0
729,NFKBIE,0,1.1208047057820263,0.6863325892215996,0.0
730,C2,0,1.1149407510385763,0.6573346402877006,0.0
731,ERO1A,0,1.0992179824211505,0.6275156402471027,0.0
732,RIPK2,0,1.0983788136535924,0.6648223285371637,0.0
733,CD27,0,1.0941681251997282,0.6975189715091465,0.0
734,LTB,0,1.092392907138081,0.6334570792514482,0.0
735,CSF3,0,1.088246815467008,0.686637965996614,0.0
736,NFKBIA,0,1.0834111622885536,0.6373678665492566,0.0
737,PVR,0,1.081126692507853,0.6599105143431283,0.0
738,ADM,0,1.0789579161541036,0.6218571396852983,0.0
739,PARP9,0,1.070852886680409,0.6528192513229509,0.0
740,MET,0,1.0440587463133846,0.6634813426195871,0.0
741,ITGA6,0,1.0409196581490168,0.6748567646970773,0.0
742,ANGPTL4,0,1.0378136023026252,0.6473058747949064,0.0
743,P4HA2,0,1.037448380116164,0.6461677395258872,0.0
744,ICOSLG,0,1.0351236300741555,0.6616363258095563,0.0
745,STAT1,0,1.0339238008597682,0.6670525412460822,0.0
746,CD276,0,1.0294311222366892,0.6248499343867366,0.0
747,SPP1,0,1.0213450072161572,0.6542996705850737,0.0
748,IFNGR2,0,1.0209380297116843,0.6769476497981788,0.0
749,HERC6,0,1.0149468553533583,0.6378249258049145,0.0
750,SLC11A1,0,1.0090749368523648,0.6777799856744281,0.0
751,S100A9,0,1.0067623361617768,0.6646990709122342,0.0
752,TNFAIP3,0,1.0003984164486153,0.6571083509817917,0.0
753,TREM1,0,1.0003818587570164,0.665442902813579,0.0
754,TAPBPL,0,0.9865646803396234,0.669946264646104,0.0
755,TCL1A,0,0.9861093853188114,0.6709953491300888,0.0
756,WNT3A,0,0.9860334128353443,0.6793601881713538,0.0
757,MB21D1,0,0.9824908923703706,0.6570224438746715,0.0
758,IFIT1,0,0.9809190024790715,0.6763258062976785,0.0
759,TAPBP,0,0.9807410779169947,0.6991417019276187,0.0
760,TYMP,0,0.9760073311002373,0.666913364204634,0.0
761,CASP9,0,0.9713583121491793,0.6596661557451807,0.0
762,IFIH1,0,0.9709151017244096,0.6955514897431001,0.0
763,OAS2,0,0.9553254687932394,0.6641998813757035,0.0
764,TNF,0,0.9490682721570393,0.7039873818390958,0.0
765,IFIT3,0,0.9466871813826333,0.6646010200807679,0.0
766,TAP2,0,0.9160341342167899,0.6778113205338845,0.0
767,PARP12,0,0.8880054731667408,0.6651598982654456,0.0
