Gene	Post	Pre	Post_Pre	Label	Funct_Annot
A2M	0.107253243147341	0.105736381355735	0.00151686179160587	None	None
A2M-AS1	0.127676952386639	0.133064701808	-0.00538774942136053	Shared	None
ABCA1	0.0239833460292875	0.100435454594299	-0.076452108565012	None	None
ABCD2	0.114357081848509	0.131163171133076	-0.0168060892845674	Shared	None
ABHD8	0.0393525310292974	0.104225778839412	-0.0648732478101151	None	None
ACOT7	0	0.107812002389873	0	None	Innate IFN Response
ACSL1	0.0564644339634726	0.103633899883406	-0.0471694659199334	None	None
ACSL5	0.0639161299885976	0.107390859154443	-0.0434747291658453	None	None
ADA2	0.112568239407252	0.133319836048372	-0.0207515966411197	None	None
ADAMDEC1	0.0567341201786493	0.131090389656823	-0.074356269478174	None	None
ADGRE1	0.05911354316322	0.10413198761712	-0.0450184444538997	None	None
ADGRE2	0.0473767373305732	0.106547259234086	-0.0591705219035128	None	None
ADORA3	0.0904060607247825	0.121378085949066	-0.0309720252242838	None	None
AIF1	0.10945313822317	0.145123535939962	-0.0356703977167918	None	None
AIM2	0.116932117023589	0.173538161596165	-0.0566060445725765	None	Innate IFN Response
ALKBH4	0	0.10660859118151	0	None	Immuno-hot tumor marker
ALOX5AP	0.0699657444551104	0.125447792256527	-0.0554820478014168	None	None
ANAPC11	0.0476375845605413	0.100053116948652	-0.0524155323881108	None	None
ANKRD22	0.0666677451686731	0.115888286429361	-0.049220541260688	None	None
ANKRD44	0.142033681349455	0.147026041401682	-0.00499236005222739	Shared	None
ANTXR2	0.0773279686964531	0.110941854037302	-0.0336138853408492	None	None
AOAH	0.142158756451264	0.176383517906441	-0.0342247614551769	None	None
AP4M1	0	0.100127646846193	0	None	None
APBB1IP	0.0661025611914465	0.115118352123959	-0.0490157909325124	None	None
APOBEC3G	0.0863371444458425	0.124864718491852	-0.0385275740460094	None	None
APOC2	0.0236848980327327	0.103278116310932	-0.0795932182781997	None	None
APOC4-APOC2	0.0238817827908845	0.102914861126958	-0.0790330783360735	None	None
APOL1	0.040808214105653	0.128656052252811	-0.0878478381471577	Pre_Only	Innate IFN Response
APOL2	0.0260234913968385	0.122080877020658	-0.09605738562382	Pre_Only	Innate IFN Response
APOL3	0	0.144696967984677	0	Pre_Only	Innate IFN Response
APOL4	0.0775519241319502	0.104842862594545	-0.0272909384625952	None	None
APOL6	0	0.107163668952333	0	None	Innate IFN Response
AQP1	0.10347312828824	0.0581196857360108	0.0453534425522291	Post_Only	None
AQP9	0.0341887675809709	0.101215806018634	-0.0670270384376632	None	None
ARHGAP15	0.129004441857337	0.16189740656682	-0.0328929647094831	None	Immune Checkpoint
ARHGAP18	0.0514195215351358	0.149295572946994	-0.0978760514118585	Pre_Only	Immune Cell Infiltration
ARHGAP25	0.0923983627305662	0.107673918538706	-0.0152755558081399	None	None
ARHGDIB	0.109687417960795	0.138545882260035	-0.0288584642992396	None	None
ARHGEF6	0.1272166729943	0.135607961177865	-0.00839128818356588	Shared	Immune Cell Infiltration
ARL11	0.0940562519933732	0.118048502054327	-0.0239922500609541	None	None
ARRDC5	0.111238120802583	0.101533452447502	0.0097046683550813	None	None
ASAH1	0.0423331883369347	0.111892859749562	-0.0695596714126268	None	None
ATAD3A	0.0752508616923855	0.130396083278476	-0.0551452215860901	None	None
ATP6V1B2	0.0313500957018461	0.117337414006746	-0.0859873183048996	Pre_Only	None
ATP8B4	0.0835729707465667	0.160617935931632	-0.0770449651850654	None	None
AURKAIP1	0.0595129769045809	0.11247393886762	-0.0529609619630387	None	None
B2M	0	0.121957132937758	0	Pre_Only	Antigen Processing
BATF	0.110382392457412	0.0998592503196482	0.0105231421377636	None	None
BATF2	0.0751290929529927	0.137527207653344	-0.0623981147003516	None	None
BCL2A1	0.0605785696519995	0.125832279477106	-0.0652537098251067	None	None
BIN2	0.122877523540219	0.148770314642329	-0.0258927911021108	None	None
BMP2K	0.0187369926348935	0.104342573323308	-0.0856055806884148	Pre_Only	None
BTK	0.108987780814467	0.146826081940786	-0.037838301126319	None	None
BTN3A1	0	0.13089077721906	0	Pre_Only	T/NK Activation
BTN3A3	0.0873840429285448	0.136441083008854	-0.0490570400803089	None	None
C16orf54	0.125596179124489	0	0	Post_Only	Immuno-hot tumor marker
C1QA	0.103526296936754	0.109090001886198	-0.00556370494944457	None	None
C1QB	0.0952133443652802	0.108113981131877	-0.0129006367665972	None	None
C1S	0.0771655181566393	0.125395198763314	-0.0482296806066749	None	None
C1orf159	0.0542372498615233	0.10663643288553	-0.0523991830240067	None	None
C1orf162	0.086302255154702	0.130679932265174	-0.0443776771104717	None	None
C1orf35	0.0424646736398845	0.127185508742344	-0.0847208351024595	Pre_Only	None
C2	0.0565530891131713	0.106236979043162	-0.0496838899299908	None	None
C3AR1	0.10737168331673	0.165976358946935	-0.0586046756302048	None	Innate IFN Response
C5orf58	0.0548194481505696	0.102734843396307	-0.0479153952457373	None	None
CALCRL	0.11280224807287	0.0998373864505552	0.0129648616223146	None	None
CALHM6	0.0882430023109581	0.14770703830054	-0.0594640359895819	None	None
CALHM6-AS1	0.0865478988088526	0.116868644224547	-0.0303207454156944	None	None
CARD16	0.072942159683705	0.122118163341424	-0.0491760036577192	None	None
CARD6	0.0527379173500401	0.112214635285579	-0.0594767179355387	None	None
CARD8	0.113558846904057	0.10373885060401	0.00981999630004668	None	None
CASP1	0.0963941177926211	0.165268410708396	-0.0688742929157748	None	Apoptosis
CASP4	0.0284500660336488	0.107687413097752	-0.0792373470641028	None	Apoptosis
CASP5	0	0.127522161957096	0	Pre_Only	Apoptosis
CBX8	0.0511782728757584	0.116478505294714	-0.0653002324189554	None	None
CCHCR1	0.0379112103813345	0.105127703117458	-0.0672164927361239	None	None
CCL3	0.0801267496010054	0.113589109030803	-0.0334623594297981	None	None
CCL4	0.0916608346565498	0.13433500926601	-0.0426741746094604	None	None
CCL4L2	0.0673029935616374	0.118856555855459	-0.0515535622938218	None	None
CCL5	0.144533408265032	0.138327226508487	0.00620618175654544	Shared	Immune Cell Infiltration
CCL8	0.06100630927343	0.135584197276793	-0.0745778880033628	None	None
CCR1	0.10689676719242	0.130628232950914	-0.0237314657584936	None	None
CCR2	0.146485123864662	0.165618354352887	-0.019133230488225	Shared	Immune Cell Infiltration
CCR3	0.0503124364757103	0.119488393386096	-0.0691759569103856	None	None
CCR4	0.121126783310461	0.128299019673746	-0.00717223636328472	Shared	Immune Cell Infiltration
CCR5	0.143133316046198	0.168309705964824	-0.0251763899186267	None	Immune Cell Infiltration
CCR6	0.0892439823674992	0.121283136472618	-0.0320391541051189	None	None
CCR8	0.0210153189601704	0.105060905972809	-0.0840455870126385	Pre_Only	None
CCRL2	0.0903691798679064	0.147819938215923	-0.0574507583480167	None	None
CD163	0.0929729397801092	0.142773188676195	-0.0498002488960861	None	None
CD180	0.0864778770773218	0.138481535404819	-0.0520036583274971	None	None
CD2	0.117306608629052	0.146863012210928	-0.029556403581876	None	None
CD209	0.10306528171079	0.09839710118177	0.00466818052901966	None	None
CD226	0.113558846665904	0.125346691621501	-0.0117878449555975	Shared	None
CD244	0.101635232015795	0.127678136737514	-0.0260429047217193	None	None
CD247	0.131627707475809	0.129435528801652	0.00219217867415702	Shared	NK/T Receptor Signaling
CD274	0.0505756565384418	0.131999924849739	-0.0814242683112972	Pre_Only	Immune Checkpoint
CD28	0.114303057231921	0.127161770921486	-0.0128587136895658	Shared	NK/T Receptor Signaling
CD300A	0.106145437935961	0.123553840730561	-0.0174084027945998	None	None
CD300C	0.100851742984702	0.10820112870895	-0.00734938572424795	None	None
CD300E	0.069172847177196	0.11848107529446	-0.0493082281172642	None	None
CD300LF	0.0718074334350302	0.118955121660921	-0.0471476882258913	None	None
CD33	0.114242438922125	0.128854681477249	-0.0146122425551242	Shared	None
CD36	0.0918223783491355	0.107122784550095	-0.0153004062009595	None	None
CD38	0.080308069278918	0.149683730374178	-0.0693756610952599	None	None
CD3D	0.136650455012322	0.136376056205216	0.000274398807105558	Shared	NK/T Receptor Signaling
CD3E	0.0934288198261419	0.100928524463503	-0.00749970463736105	None	None
CD3G	0.138425929298986	0.155675478934659	-0.0172495496356725	Shared	NK/T Receptor Signaling
CD4	0.108856869541075	0.13572285692146	-0.0268659873803852	None	None
CD40	0.0768033224441359	0.100954359151474	-0.0241510367073377	None	None
CD44	0.0153359242927038	0.11896230054661	-0.103626376253906	Pre_Only	None
CD44-AS1	0.00432807220490763	0.113752831629767	-0.109424759424859	Pre_Only	None
CD48	0.138463679259743	0.162915424025255	-0.024451744765512	None	T/NK Activation
CD52	0.114885445272835	0.138641504051025	-0.0237560587781902	None	None
CD53	0.135383657474693	0.176122319617398	-0.0407386621427057	None	T/NK Activation
CD69	0.0865040884701827	0.128780582072591	-0.0422764936024081	None	None
CD80	0.0726816694293568	0.136005024178462	-0.0633233547491048	None	None
CD84	0.124576737586531	0.157314186795042	-0.0327374492085118	None	None
CD86	0.119194536530227	0.16798087857547	-0.0487863420452421	None	T/NK Activation
CD8A	0.131790878253122	0.106285541041001	0.0255053372121211	None	None
CD8B	0.114777259634962	0.0675940750493147	0.0471831845856469	Post_Only	NK/T Receptor Signaling
CD93	0.122151283273814	0.105790498801255	0.0163607844725586	None	None
CD96	0.127817998537693	0.162984764933362	-0.0351667663956686	None	Immune Checkpoint
CDT1	0.0679802914031201	0.122593659012476	-0.0546133676093561	None	None
CEACAM21	0.143261248498395	0.122883467695256	0.0203777808031392	None	None
CELF2	0.0821861862478326	0.102146829261763	-0.0199606430139302	None	None
CFH	0.0602695368450381	0.106705413025744	-0.0464358761807064	None	None
CFLAR	0	0.103401033635293	0	None	Apoptosis
CHTF18	0	0.104754658229533	0	None	None
CLEC10A	0.119401272415643	0.0889999353630646	0.0304013370525784	Post_Only	Antigen Processing
CLEC12A	0.0977429304033309	0.117921460369849	-0.0201785299665183	None	None
CLEC12B	0.062481532996953	0.107904038638548	-0.0454225056415952	None	None
CLEC1A	0.113075759335777	0.0894336812816673	0.0236420780541093	None	None
CLEC2B	0.0923355242714909	0.140131070436921	-0.0477955461654297	None	None
CLEC4A	0.073532299143985	0.146165345227434	-0.0726330460834492	None	None
CLEC4C	0.0661039920803362	0.109888343596474	-0.0437843515161382	None	None
CLEC4D	0.0788156545753202	0.122683597457537	-0.0438679428822164	None	None
CLEC4E	0.110550675315173	0.122244732663323	-0.0116940573481506	Shared	None
CLEC5A	0.0214123565975356	0.103107257566552	-0.0816949009690162	Pre_Only	Innate IFN Response
CLEC6A	0.0706998225405812	0.122096827279144	-0.0513970047385629	None	None
CLEC7A	0.108336682927867	0.16954694229833	-0.0612102593704628	None	Innate IFN Response
CLEC9A	0.0584671853290615	0.100478878681208	-0.0420116933521462	None	None
CLECL1P	0.091168665722435	0.108798615728113	-0.0176299500056784	None	None
CLIC2	0	0.152124706832354	0	Pre_Only	Innate IFN Response
CLNK	0.0835860496116774	0.127412122358143	-0.0438260727464654	None	None
CMKLR1	0.121057257197535	0.138000948871266	-0.0169436916737313	Shared	Immune Cell Infiltration
CMPK2	0.0478172863176302	0.115784864973278	-0.0679675786556478	None	None
CNDP2	0.0272824045321834	0.109053960757099	-0.0817715562249154	Pre_Only	None
CPNE8	0.0898055420857635	0.107101374339486	-0.0172958322537222	None	None
CPSF4	0.0285537462048601	0.106452822847688	-0.0778990766428282	None	None
CR1	0.0826330801922403	0.106837659433889	-0.0242045792416492	None	None
CRTAM	0.130230865708136	0.138112526479893	-0.00788166077175667	Shared	NK/T Receptor Signaling
CSF1R	0.0907349469821241	0.111495696980127	-0.0207607499980033	None	None
CSF2RB	0.121198628509613	0.137494582157532	-0.0162959536479192	Shared	None
CTLA4	0.117337263902012	0.144635138355746	-0.0272978744537341	None	None
CTSH	0.0838266541393919	0.101967361104494	-0.018140706965102	None	None
CTSL	0.0341208106572868	0.100462669989243	-0.0663418593319562	None	None
CTSO	0	0.12219435411247	0	Pre_Only	Antigen Processing
CTSS	0.105566511777447	0.174900154158604	-0.0693336423811571	None	Antigen Processing
CXCL10	0.0729695760240548	0.134449480300696	-0.061479904276641	None	None
CXCL11	0.0653581957712913	0.11558310099376	-0.0502249052224689	None	None
CXCL13	0.0743277621399977	0.122675693490178	-0.0483479313501801	None	None
CXCL9	0.095944541987248	0.132764429344359	-0.0368198873571106	None	None
CXCR3	0.10848023261013	0.0730950378673617	0.0353851947427682	Post_Only	NK/T Receptor Signaling
CXCR4	0.104422769436518	0.12186911958262	-0.0174463501461025	None	None
CXCR6	0.125139319492745	0.120116275736281	0.00502304375646397	Shared	Immune Cell Infiltration
CYBB	0.115798660149015	0.157459003044118	-0.0416603428951028	None	None
CYLD	0.0475221157781534	0.111931544487361	-0.0644094287092081	None	None
CYP7B1	0.0877339028293693	0.10259028197931	-0.0148563791499405	None	None
CYRIA	0	0.135509708858319	0	Pre_Only	Immune Cell Infiltration
CYSLTR1	0.122932561287862	0.125530440103885	-0.00259787881602219	Shared	T/NK Activation
CYSLTR2	0	0.110286114872429	0	None	None
CYTH4	0.124782269720252	0.120130349556402	0.0046519201638502	Shared	None
CYTIP	0.136439258846623	0.166840133112713	-0.0304008742660909	None	Immune Checkpoint
DAB2	0.0486538796146584	0.120836616318234	-0.0721827367035754	None	None
DCANP1	0.116290773237996	0.11636929041795	-7.85171799532469e-05	Shared	None
DDX60L	0	0.119661959586049	0	None	Innate IFN Response
DNAJC5B	0.0652482190954034	0.113439338059908	-0.0481911189645044	None	None
DOCK2	0.126353829170557	0.15766453204356	-0.0313107028730027	None	None
DOK2	0.123309458181754	0.0785961077511515	0.0447133504306023	Post_Only	Immune Checkpoint
DPYD	0.0946126247458235	0.136850773660965	-0.0422381489151415	None	None
DTHD1	0.0788801667563328	0.102901183709757	-0.0240210169534238	None	None
DTX3L	0.0106670678353764	0.100958116196365	-0.0902910483609884	Pre_Only	None
DVL1	0.0410949862576608	0.104482871225606	-0.0633878849679456	None	None
ELK3	0.0413949699166425	0.130503585070748	-0.0891086151541057	Pre_Only	None
ELL2	0.0290746246359766	0.111215921456865	-0.0821412968208886	Pre_Only	None
EMCN	0.102041790383311	0.0840445214943866	0.0179972688889239	None	None
EOMES	0.123536054800255	0.125432631688749	-0.00189657688849335	Shared	None
EPSTI1	0.0671725843397601	0.132446205213023	-0.0652736208732626	None	None
ERAP1	0.0500925875411301	0.100531738438395	-0.0504391508972653	None	None
ETS1	0	0.104850802047051	0	None	T/NK Activation
EVI2A	0.111630905142532	0.160548395927738	-0.048917490785206	None	Immune Checkpoint
F13A1	0.0971599592836642	0.112032931960689	-0.0148729726770248	None	None
FAM20A	0.0279206917110765	0.111375526275243	-0.0834548345641667	Pre_Only	None
FAM78A	0.137142968660193	0.0926128671469735	0.0445301015132192	Post_Only	Immune Checkpoint
FANCE	0.0153148816875937	0.107497711460312	-0.0921828297727185	Pre_Only	None
FAS	0	0.100304727672904	0	None	Apoptosis
FASLG	0.122569141284642	0.142619149167315	-0.020050007882673	None	None
FBXL5	0	0.116371267157321	0	None	None
FCAR	0.0587100917219722	0.113326318256736	-0.0546162265347641	None	None
FCER1G	0.0960670331150432	0.155234974190807	-0.0591679410757643	None	None
FCGR1CP	0.0604036570323806	0.107221295099381	-0.0468176380670008	None	None
FCGR2A	0.096356367225393	0.12619084907136	-0.0298344818459671	None	None
FCGR2B	0.104208092403294	0.131383474494618	-0.0271753820913241	None	None
FCGR3A	0.0796184083558314	0.144594502324307	-0.0649760939684759	None	None
FCGR3B	0.0642117783606335	0.126891658545606	-0.0626798801849729	None	None
FCN1	0.102195973764217	0.112850984703111	-0.0106550109388936	None	None
FCRL1	0.061297163729146	0.101556993664566	-0.0402598299354203	None	None
FCRL2	0.0611797454864352	0.126335826022341	-0.0651560805359059	None	None
FCRL3	0.0873074068073543	0.124822201478976	-0.0375147946716214	None	None
FCRL4	0.0618845431237581	0.108522259648686	-0.0466377165249279	None	None
FCRL5	0.0798676999872096	0.102587380112368	-0.0227196801251589	None	None
FCRL6	0.0994221369707046	0.115537656061563	-0.0161155190908589	None	None
FFAR4	0.0442905193318934	0.104221574233118	-0.0599310549012246	None	None
FGL2	0.136135501991274	0.175498648685891	-0.0393631466946162	None	Immune Checkpoint
FLI1	0.101492605265734	0.150092388908794	-0.0485997836430596	None	None
FOLR2	0.111843378739104	0.0981820173008312	0.0136613614382724	None	None
FOXN3	0	0.10931346714672	0	None	None
FPR1	0.0759279106946269	0.12056070886144	-0.0446327981668132	None	None
FPR3	0.101275173898934	0.146922546594827	-0.0456473726958933	None	None
FYB1	0.0818446864877092	0.135516089502047	-0.0536714030143377	None	None
GAB3	0.110855871355605	0.115630789045592	-0.00477491768998706	Shared	None
GALC	0.0446158147882191	0.113898701754158	-0.0692828869659388	None	None
GAPT	0.100668099854128	0.130488138787978	-0.0298200389338501	None	None
GASK1B	0.073866188585228	0.11988774764543	-0.0460215590602025	None	None
GBP1	0.0775693703206367	0.146102546333607	-0.0685331760129708	None	None
GBP1P1	0	0.133803993515376	0	Pre_Only	Innate IFN Response
GBP2	0	0.141788673104198	0	Pre_Only	None
GBP5	0.103665381192992	0.143796931610255	-0.0401315504172632	None	None
GFI1	0.124819438196326	0.065521754212559	0.0592976839837668	Post_Only	NK/T Receptor Signaling
GIMAP1	0.131357441706681	0.13647422618229	-0.00511678447560837	Shared	Apoptosis
GIMAP1-GIMAP5	0.142427713350419	0.16228199675948	-0.019854283409061	Shared	Apoptosis
GIMAP2	0.13256628628493	0.174413032649862	-0.0418467463649315	None	Apoptosis
GIMAP4	0.143300920889643	0.178193148936308	-0.0348922280466644	None	Apoptosis
GIMAP5	0.142947431550612	0.166825888746788	-0.0238784571961762	None	Apoptosis
GIMAP6	0	0.132276978176272	0	Pre_Only	Apoptosis
GIMAP7	0.127861311863978	0.136829887105832	-0.00896857524185382	Shared	Apoptosis
GIMAP8	0.142569693502645	0.167427533741863	-0.0248578402392175	None	Apoptosis
GLIPR1	0.0410642078966282	0.119333489752459	-0.0782692818558311	None	None
GLRX	0.0462896858476254	0.158023218276963	-0.111733532429337	Pre_Only	None
GMFG	0.148295006784764	0.159598236249112	-0.0113032294643485	Shared	Immune Cell Infiltration
GNG2	0	0.124484834643477	0	Pre_Only	None
GNGT2	0.107149053458985	0.124585670070902	-0.0174366166119165	None	None
GNLY	0.0910504494866615	0.132223420910087	-0.0411729714234257	None	None
GPNMB	0.0540852725451202	0.105577944287427	-0.0514926717423071	None	None
GPR141	0.0758143931482853	0.114824601667134	-0.0390102085188482	None	None
GPR171	0.112316527133529	0.114941960602439	-0.00262543346890982	Shared	None
GPR174	0.148762544681797	0.170319315255133	-0.0215567705733362	None	None
GPR183	0.0813881648237911	0.124132308510116	-0.0427441436863252	None	None
GPR65	0.116634435633201	0.159335387296514	-0.042700951663313	None	None
GPRIN3	0.119504145091473	0.147910307705574	-0.028406162614101	None	None
GRAP2	0.13200732689069	0.123482567890074	0.00852475900061615	Shared	NK/T Receptor Signaling
GRK3	0.106012794619559	0.0865007752235412	0.0195120193960175	None	None
GTDC1	0	0.102970252559834	0	None	None
GTPBP3	0.0384151708640119	0.1090682854595	-0.0706531145954881	None	None
GZMA	0.138431077001873	0.154867614856258	-0.0164365378543853	Shared	Apoptosis
GZMB	0.106235705807059	0.141902214449332	-0.0356665086422735	None	None
GZMH	0.123619430625813	0.116908110763519	0.0067113198622946	Shared	Apoptosis
GZMK	0.145245977391081	0.138002926729226	0.00724305066185491	Shared	Apoptosis
H1-10	0.0326292922692454	0.105598883388636	-0.0729695911193901	None	None
H2AC12	0.0565429420527519	0.112881681540689	-0.0563387394879375	None	None
H2AC13	0.0642314062539674	0.10003919087253	-0.0358077846185625	None	None
H2AC25	0.0357921435313781	0.110744511119358	-0.0749523675879797	None	None
H2AX	0.0377574936040818	0.103076493252376	-0.0653189996482942	None	None
H2BC12	0.0369253091440572	0.102864746140051	-0.0659394369959936	None	None
H2BC13	0.0595456363335264	0.11201777372556	-0.0524721373920339	None	None
H2BC17	0.0603970736010397	0.102008743754786	-0.0416116701537465	None	None
H3C13	0.028028084333705	0.103579729644034	-0.0755516453103288	None	None
H3C15	0	0.108085622923483	0	None	None
H4C11	0.0417438248958534	0.102782066917203	-0.0610382420213497	None	None
HACD4	0	0.108795387977572	0	None	Innate IFN Response
HAVCR2	0.10860164983172	0.148671165673681	-0.04006951584196	None	None
HCLS1	0.0871160444347882	0.103739338761822	-0.0166232943270336	None	None
HCST	0.112091606918901	0.0755191286750306	0.0365724782438707	Post_Only	T/NK Activation
HERC6	0	0.109693846008392	0	None	Innate IFN Response
HFE	0.0493153160818892	0.109510196851527	-0.0601948807696376	None	None
HGF	0.0717376622535822	0.110858490427601	-0.0391208281740192	None	None
HLA-B	0	0.123952566385434	0	Pre_Only	Antigen Processing
HLA-C	0.0479158490803976	0.106240375876894	-0.0583245267964968	None	Antigen Processing
HLA-DMA	0.100731211923014	0.115038735713512	-0.0143075237904983	None	Antigen Processing
HLA-DMB	0.0750717302037685	0.115556542964049	-0.0404848127602803	None	Antigen Processing
HLA-DOA	0.105333699186061	0	0	None	Antigen Processing
HLA-DOB	0.0596469517991994	0.112491347773154	-0.0528443959739543	None	Antigen Processing
HLA-DPA1	0.119398695372312	0.126981245276852	-0.00758254990453984	Shared	Antigen Processing
HLA-DPB1	0.117716652942424	0.140653390294414	-0.0229367373519893	None	Antigen Processing
HLA-DQA1	0.110005535945652	0.137368114825481	-0.0273625788798286	None	Antigen Processing
HLA-DQA1-AS1	0.0956190251977375	0.114574310285766	-0.0189552850880288	None	Antigen Processing
HLA-DRA	0.118253256231955	0.161186396450034	-0.0429331402180796	None	Antigen Processing
HLA-DRB1	0.115464425041025	0.138405969472474	-0.0229415444314486	None	Antigen Processing
HLA-DRB5	0.111919738946094	0.119290587904163	-0.00737084895806879	Shared	Antigen Processing
HLA-DRB6	0.0987226210942136	0.134826249123207	-0.0361036280289929	None	Antigen Processing
HLA-L	0.0423875386189014	0.104313457631965	-0.0619259190130635	None	Antigen Processing
HNMT	0	0.150001401441261	0	Pre_Only	Immune Checkpoint
HSH2D	0.0447305981615277	0.102357770449952	-0.057627172288424	None	None
ICAM1	0.00526449394346158	0.114958008010331	-0.10969351406687	Pre_Only	Immune Cell Infiltration
ICOS	0.121359082599274	0.153033369051002	-0.0316742864517284	None	None
IDO1	0.0647452564461635	0.120129982698064	-0.0553847262519002	None	None
IFI16	0.0433995051973508	0.118436316649995	-0.0750368114526445	None	None
IFI27	0.0231165623491923	0.101438509229972	-0.0783219468807798	None	None
IFI30	0.0493409623586322	0.121723728428504	-0.0723827660698722	None	None
IFI35	0.0504432832003453	0.123283100900844	-0.072839817700499	None	None
IFI44	0.0409329556855216	0.100063740673774	-0.059130784988252	None	None
IFI44L	0.0669055831409798	0.124787955487494	-0.0578823723465142	None	None
IFIH1	0.0501858819698057	0.109867774289571	-0.0596818923197655	None	None
IFIT2	0.0429328556331638	0.118082545842769	-0.0751496902096055	None	None
IFIT3	0.042811388151081	0.113735669977399	-0.0709242818263184	None	None
IFNG	0.0813868596726086	0.139912098800984	-0.058525239128375	None	None
IFNGR1	0.0575514480970993	0.100729371851175	-0.043177923754076	None	None
IGHA1	0.116531252665281	0.104780133630757	0.0117511190345243	None	None
IGHA2	0.0907921014309775	0.1009576820577	-0.0101655806267226	None	None
IGHG1	0.116598121943156	0.0998599035328805	0.0167382184102755	None	None
IGHG2	0.113101495040804	0.103303903066688	0.00979759197411666	None	None
IGHG3	0.114632866720532	0.0925234488927635	0.0221094178277689	None	None
IGHG4	0.107895185937547	0.0878520269857593	0.020043158951788	None	None
IGHGP	0.106618000568357	0.0908870060089809	0.0157309945593756	None	None
IGHV1-12	0.0769548470530378	0.100913431271374	-0.0239585842183364	None	None
IGHV1-14	0.0695769135891555	0.11509197089704	-0.045515057307884	None	None
IGHV1-18	0.109378229305632	0.0962841923691621	0.0130940369364703	None	None
IGHV1-3	0.0865816981130201	0.104070432133265	-0.0174887340202445	None	None
IGHV1-45	0.0894423192139687	0.108800106997347	-0.0193577877833788	None	None
IGHV1-46	0.0934926627326393	0.105666641912884	-0.012173979180245	None	None
IGHV1-58	0.0736058054168359	0.103435771766092	-0.0298299663492558	None	None
IGHV1-67	0.0723053164813652	0.107043770008015	-0.0347384535266501	None	None
IGHV1-69	0.0966237145799507	0.106367910586737	-0.00974419600678579	None	None
IGHV1OR15-1	0.078247687716774	0.109730856363148	-0.0314831686463738	None	None
IGHV3-11	0.104516909160378	0.0780695956377252	0.026447313522653	None	None
IGHV3-15	0.0982312052288587	0.118489570001901	-0.0202583647730419	None	None
IGHV3-21	0.10252384719612	0.103501034634774	-0.000977187438653548	None	None
IGHV3-23	0.110041975322158	0.112946342941166	-0.00290436761900811	Shared	Antigen Processing
IGHV3-32	0.0771851569331989	0.113253851733396	-0.0360686948001974	None	None
IGHV3-33	0.103858498620959	0.105704249087254	-0.00184575046629452	None	None
IGHV3-52	0.0845304384227199	0.101543311374745	-0.0170128729520249	None	None
IGHV3-53	0.0981740832485937	0.106085751356138	-0.00791166810754473	None	None
IGHV3-60	0.086967222026757	0.1007105402417	-0.0137433182149431	None	None
IGHV3-66	0.102996077738221	0.119252690714581	-0.0162566129763595	None	None
IGHV3-69-1	0.0949337555946444	0.106518440485681	-0.0115846848910367	None	None
IGHV3-7	0.104070362336143	0.105026953262998	-0.000956590926854947	None	None
IGHV3-72	0.0869776659440769	0.110526661691773	-0.0235489957476964	None	None
IGHV3OR16-17	0.0898005019118593	0.116135750219708	-0.0263352483078488	None	None
IGHV3OR16-8	0.086620721555735	0.119660032381632	-0.0330393108258966	None	None
IGHV4-28	0.0971912957568182	0.103654607740372	-0.0064633119835542	None	None
IGHV4-34	0.100354625789371	0.107259117661773	-0.00690449187240219	None	None
IGHV4-39	0.100410559076657	0.0945088037293703	0.0059017553472871	None	None
IGHV4-61	0.0983694296534764	0.111622123003259	-0.0132526933497829	None	None
IGHV5-51	0.0945307417149194	0.101211523097217	-0.00668078138229748	None	None
IGHV7-4-1	0.0724664768174571	0.105466651674131	-0.0330001748566743	None	None
IGKC	0.12900912492015	0.119932531676806	0.00907659324334391	Shared	None
IGKJ1	0.10523137277927	0.101339265536748	0.00389210724252166	None	None
IGKJ2	0.105068289115591	0.0831702202795982	0.0218980688359929	None	None
IGKJ3	0.10454505480763	0.0975894231600092	0.00695563164762097	None	None
IGKJ4	0.109012910761833	0.0963864343963088	0.0126264763655246	None	None
IGKJ5	0.106022972772996	0.118352130994432	-0.0123291582214362	None	None
IGKV1-13	0.0731925868354949	0.107081740809194	-0.0338891539736987	None	None
IGKV1-16	0.0892290773632105	0.104142092744525	-0.0149130153813144	None	None
IGKV1-22	0.0710409741883438	0.104608585285825	-0.0335676110974812	None	None
IGKV1-27	0.0909873798675927	0.12225002991109	-0.031262650043497	None	None
IGKV1-33	0.102878701145983	0.117677277719694	-0.0147985765737107	None	None
IGKV1-35	0.0778575441451653	0.111249566638603	-0.0333920224934377	None	None
IGKV1-37	0.0845106272213776	0.10266934632613	-0.0181587191047528	None	None
IGKV1-39	0.111931793142836	0.118717617952319	-0.00678582480948289	Shared	Antigen Processing
IGKV1-5	0.0957408852505479	0.111224375253056	-0.0154834900025081	None	None
IGKV1-6	0.0834996813720143	0.10538638416801	-0.0218867027959957	None	None
IGKV1-9	0.111149476364582	0.102145576354302	0.00900390001027945	None	None
IGKV1D-12	0.0729381720556602	0.113941703709651	-0.0410035316539907	None	None
IGKV1D-13	0.0671032118960803	0.102006167542259	-0.0349029556461791	None	None
IGKV1D-16	0.0771079525083981	0.114691083769737	-0.0375831312613394	None	None
IGKV1D-17	0.0693411766712719	0.115580347747511	-0.0462391710762392	None	None
IGKV1D-27	0.0817200127866866	0.127646913695863	-0.0459269009091767	None	None
IGKV1D-33	0.0868199662749443	0.126842008586271	-0.0400220423113272	None	None
IGKV1D-35	0.07259720627128	0.106500567848654	-0.0339033615773743	None	None
IGKV1D-37	0.0776941029449655	0.113578171580331	-0.035884068635366	None	None
IGKV1D-39	0.100975751232609	0.115989891574997	-0.0150141403423882	None	None
IGKV1D-8	0.0812470596012674	0.108813103926714	-0.0275660443254463	None	None
IGKV2-14	0.0698783384604472	0.102188853155407	-0.0323105146949598	None	None
IGKV2-18	0.0752013405906374	0.111698513168295	-0.0364971725776576	None	None
IGKV2-28	0.0884216889249101	0.115971719567909	-0.0275500306429989	None	None
IGKV2-30	0.10079960553082	0.0818475057643444	0.0189520997664755	None	None
IGKV2D-24	0.0786798483672756	0.103719646533831	-0.0250397981665557	None	None
IGKV2D-28	0.0789781432738644	0.108339174037274	-0.0293610307634095	None	None
IGKV3-11	0.125401478221661	0.1133763933701	0.012025084851561	Shared	Antigen Processing
IGKV3-15	0.0987148212199301	0.109168361970064	-0.010453540750134	None	None
IGKV3-20	0.122407218025612	0.109758052984834	0.0126491650407782	None	None
IGKV3-31	0.0687429662703812	0.104630716763268	-0.0358877504928868	None	None
IGKV3-7	0.0853614010184241	0.100083370498222	-0.0147219694797984	None	None
IGKV3D-11	0.0976728148039011	0.124301383477332	-0.0266285686734312	None	None
IGKV3D-15	0.088241810517055	0.123402400414287	-0.0351605898972322	None	None
IGKV3D-20	0.0986942071602498	0.119436887091081	-0.0207426799308308	None	None
IGKV3D-25	0.0694590855061723	0.10601508901201	-0.0365560035058377	None	None
IGKV3D-7	0.078049808781547	0.108073838700072	-0.0300240299185255	None	None
IGKV4-1	0.100983602182126	0.106974977780685	-0.00599137559855893	None	None
IGKV7-3	0.0713475230928272	0.100050314236068	-0.028702791143241	None	None
IGLC2	0.110318731030873	0.105743141102389	0.00457558992848407	None	None
IGLC3	0.0839385274207839	0.105390938506617	-0.0214524110858335	None	None
IGLJ2	0.107180864605194	0.0806628413916175	0.0265180232135768	None	None
IGLV1-40	0.110832671242623	0.0808751277165743	0.0299575435260486	None	None
IGLV2-11	0.107741849222631	0.0982246232196175	0.00951722600301348	None	None
IGLV2-14	0.105516743771253	0.107073938348519	-0.00155719457726562	None	None
IGLV2-23	0.097666742311008	0.10162044164193	-0.00395369933092216	None	None
IGLV2-8	0.0915823903419568	0.103292824598281	-0.0117104342563243	None	None
IGLV3-1	0.101222943563005	0.0921438856091647	0.00907905795384026	None	None
IGLV3-21	0.113361097217189	0.0922791170741977	0.0210819801429913	None	None
IGLV3-22	0.0762488022357284	0.105575275533498	-0.0293264732977694	None	None
IGLV3-32	0.0724646669964108	0.110846494979011	-0.0383818279826003	None	None
IGLV6-57	0.0874004296557968	0.10072681137639	-0.0133263817205935	None	None
IGLV7-46	0.0697095128751938	0.112671758848832	-0.0429622459736384	None	None
IGLVI-20	0.0605297432113351	0.102720585688354	-0.0421908424770189	None	None
IGSF6	0.0977485290105454	0.130648677097071	-0.0329001480865251	None	None
IKZF1	0.137601161141577	0.153981047657853	-0.0163798865162758	Shared	None
IKZF3	0.134713318353518	0.117398620397097	0.0173146979564211	Shared	None
IL10RA	0.145593007548062	0.149857999292162	-0.00426499174410039	Shared	None
IL16	0.103581312091221	0.125414353925442	-0.0218330418342215	None	None
IL18RAP	0.0808974897599806	0.124725943764318	-0.0438284540043372	None	None
IL1R1	0.0474493958503293	0.100473193637289	-0.0530237977869597	None	None
IL1RL1	0.0312398255003945	0.100886232725517	-0.0696464072251222	None	None
IL21	0.072557597837513	0.124654286835084	-0.0520966889975706	None	None
IL21R	0.093724585845536	0.128813702270544	-0.0350891164250079	None	None
IL24	0.064450475812839	0.101659330628789	-0.0372088548159504	None	None
IL2RA	0.0968039119436806	0.158600529713123	-0.0617966177694422	None	None
IL2RB	0.115923930395459	0.110951643021628	0.0049722873738314	Shared	None
IL2RG	0.0662405153854263	0.11081894080311	-0.0445784254176834	None	None
IL7	0	0.107118381072519	0	None	None
IL7R	0.0882561229596266	0.162311756821604	-0.0740556338619777	None	None
INSYN2B	0.0506006703475287	0.154349016875801	-0.103748346528272	Pre_Only	None
IPCEF1	0.115251169559304	0.113664733938024	0.00158643562127958	Shared	None
IRAK3	0.0872973012323803	0.109779612364229	-0.0224823111318485	None	None
IRF1	0.0188341817470452	0.114638232827789	-0.0958040510807436	Pre_Only	Innate IFN Response
IRF2BP1	0.0266107447771831	0.10448086922552	-0.0778701244483372	None	None
IRF9	0.0535244214501461	0.112421737624175	-0.0588973161740291	None	None
ISYNA1	0	0.104328232135202	0	None	None
ITGA4	0.0814300406036659	0.130491985577591	-0.0490619449739253	None	None
ITGAL	0.130528139084888	0.133851610187333	-0.00332347110244499	Shared	None
ITGAM	0.0960517295039816	0.113227067180527	-0.0171753376765453	None	None
ITGB2	0.10146967022198	0.103060735264384	-0.00159106504240314	None	None
ITK	0.1347693314202	0.148169954712146	-0.0134006232919459	Shared	NK/T Receptor Signaling
JAK2	0.0898710108613797	0.104588410249846	-0.0147173993884666	None	None
JAML	0.146693972046528	0.155588397540243	-0.008894425493715	Shared	Immune Cell Infiltration
JCHAIN	0.0905676056561689	0.13794083157582	-0.0473732259196509	None	None
KCNA3	0.1282142994324	0.161713499859313	-0.0334992004269128	None	T/NK Activation
KIF22	0.0596820629172786	0.105720865931541	-0.0460388030142627	None	None
KIR2DL4	0.0508009833314047	0.136707551209258	-0.0859065678778535	Pre_Only	None
KLHL6	0.124744954468062	0.164583570367725	-0.0398386158996628	None	None
KLRB1	0.0729906666887393	0.126785756474792	-0.0537950897860531	None	None
KLRC2	0.076148440673771	0.120987415021493	-0.0448389743477217	None	None
KLRC3	0.098413985989902	0.124001828018475	-0.0255878420285731	None	None
KLRC4	0.123653313220766	0.146635672340692	-0.022982359119926	None	None
KLRC4-KLRK1	0.144692099452291	0.137840948032144	0.00685115142014769	Shared	NK/T Receptor Signaling
KLRD1	0.133795963077932	0.140691776009258	-0.00689581293132607	Shared	NK/T Receptor Signaling
KLRG1	0.126707415578405	0.105749943892199	0.0209574716862064	None	None
KLRK1	0.142552289344508	0.133665415744869	0.00888687359963963	Shared	NK/T Receptor Signaling
KMT5C	0.035954333087828	0.108769887858412	-0.0728155547705844	None	None
KRBA1	0.032583963421893	0.103677775067325	-0.0710938116454316	None	None
KYNU	0.0805453271193414	0.178919327370354	-0.0983740002510124	Pre_Only	Immune Checkpoint
LACC1	0	0.102211887911886	0	None	Innate IFN Response
LACTB	0.0195836857664055	0.105939770666482	-0.0863560849000764	Pre_Only	None
LAIR1	0.125411677661368	0.144596362847796	-0.0191846851864274	Shared	Immune Checkpoint
LAIR2	0.0486709744031336	0.126405248954821	-0.077734274551687	None	None
LAMP3	0.0157002330159933	0.120608017526789	-0.104907784510795	Pre_Only	None
LAP3	0.0502841626019048	0.141970775421263	-0.0916866128193577	Pre_Only	None
LAPTM5	0.109829313510683	0.136762183075819	-0.0269328695651363	None	None
LAT2	0.0966393974372574	0.128280802120168	-0.0316414046829109	None	None
LAX1	0.1278896605158	0.116163719971737	0.0117259405440625	Shared	Immune Checkpoint
LCP1	0.101302007580846	0.132697879029326	-0.0313958714484801	None	None
LCP2	0.0808482064462941	0.129702391430221	-0.0488541849839271	None	None
LILRA1	0.0846851307362499	0.101303069770297	-0.016617939034047	None	None
LILRA2	0.0799905648469426	0.117135012836497	-0.037144447989554	None	None
LILRB1	0.107455731771855	0.156934890812882	-0.0494791590410272	None	None
LILRB2	0.0833786767931929	0.118738579311474	-0.0353599025182815	None	None
LILRB4	0.0930924404649282	0.150219443710853	-0.0571270032459246	None	None
LILRB5	0.101028215926262	0.0505434653235696	0.0504847506026925	Post_Only	NK/T Receptor Signaling
LILRP2	0.0386056010719785	0.105295851275838	-0.0666902502038593	None	None
LINC01890	0.076040287334407	0.109680263693649	-0.0336399763592421	None	None
LINC02694	0.0673051788426618	0.110449317634016	-0.0431441387913543	None	None
LIPM	0.0611507201571764	0.129450118126028	-0.0682993979688512	None	None
LMO2	0	0.11994567736995	0	None	None
LOC101927723	0.090084805104743	0.132428155744586	-0.042343350639843	None	None
LOC101928517	0.0572295301761515	0.123557400848254	-0.0663278706721025	None	None
LOC101928816	0.057211386299091	0.116817760712059	-0.0596063744129679	None	None
LOC102724020	0.0506782011051725	0.119712931189052	-0.0690347300838796	None	None
LOC102724971	0.0755199487462693	0.101412617131902	-0.0258926683856324	None	None
LOC102725101	0.0552004995906269	0.111643190025633	-0.0564426904350062	None	None
LOC105370700	0.0788833055918247	0.108221820014409	-0.0293385144225838	None	None
LOC105373024	0.0949752056839764	0.110160123565258	-0.0151849178812811	None	None
LOC105377921	0	0.10829980542564	0	None	None
LOC107985076	0	0.137577139834919	0	Pre_Only	None
LOC112268267	0	0.140439751642084	0	Pre_Only	None
LOC124901031	0.0525771465700469	0.107826840142569	-0.0552496935725225	None	None
LOC124901298	0	0.130203374656124	0	Pre_Only	None
LOC124902368	0.0728026879743451	0.121758230476192	-0.0489555425018473	None	None
LOC124902870	0.10202578336238	0.131597120724609	-0.0295713373622296	None	None
LOC124903398	0.0427504079714668	0.102418807530305	-0.059668399558838	None	None
LOC124903668	0.0701493253373487	0.118428667316575	-0.0482793419792265	None	None
LOC124903681	0.0616932834430566	0.115879203037539	-0.0541859195944829	None	None
LOC124903905	0	0.114504764947716	0	None	None
LOC124904439	0.142362661603736	0.161732794374654	-0.0193701327709185	Shared	None
LOC124904752	0.113527375579477	0.081682902528147	0.0318444730513295	Post_Only	None
LOC124905215	0.124406826510893	0.117958638030305	0.00644818848058722	Shared	None
LPAR6	0.0873018111720047	0.128304630405933	-0.0410028192339283	None	None
LPCAT2	0.0332052937248192	0.104164249196144	-0.0709589554713246	None	None
LPXN	0.0937558656433536	0.126691405132832	-0.0329355394894784	None	None
LRRC18	0.0976890358390115	0.127453561820464	-0.0297645259814521	None	None
LRWD1	0.0563415285573043	0.128521716275195	-0.0721801877178904	None	None
LSP1	0.100159903468016	0.0704807919987015	0.0296791114693148	None	None
LST1	0.112293296764619	0.134948443777689	-0.0226551470130704	None	None
LY86	0.104698101741589	0.143158345447965	-0.0384602437063761	None	None
LY9	0.126266027739921	0.115882236299028	0.0103837914408934	Shared	None
LY96	0.0887975728238317	0.169159144273078	-0.0803615714492459	Pre_Only	Innate IFN Response
LYZ	0.109110749210464	0.164071841524039	-0.0549610923135758	None	Innate IFN Response
MAN1A1	0.0826520280911888	0.119007203045807	-0.0363551749546179	None	None
MAN2A1	0.0192976656542539	0.102491089959512	-0.0831934243052578	Pre_Only	None
MAP3K8	0.0471535736790762	0.109249496157103	-0.0620959224780273	None	None
MARCHF1	0.102602057517121	0.156780192323015	-0.0541781348058941	None	None
MARCKS	0.0477390172465227	0.101197001065586	-0.0534579838190631	None	None
MATCAP2	0.0493177765989218	0.113051046376009	-0.0637332697770874	None	None
MCEMP1	0.0329780015206222	0.110268167651561	-0.077290166130939	None	None
MCM2	0.0773080247875246	0.140340835715384	-0.0630328109278597	None	None
MCM4	0.088030711933979	0.11235216624733	-0.024321454313351	None	None
MCM5	0.0340161773014736	0.10648704061387	-0.0724708633123962	None	None
MCM7	0.0525107586919414	0.117349161563421	-0.0648384028714799	None	None
MCTP1	0.055325978827308	0.10886825102632	-0.0535422721990118	None	None
MDFIC	0	0.134237995749908	0	Pre_Only	Immune Cell Infiltration
MEF2A	0.0473267047725513	0.104894523686744	-0.0575678189141925	None	None
MEF2C	0.105421650192901	0.11708158456101	-0.011659934368109	None	None
MFSD1	0.0441346680264212	0.116877745853102	-0.0727430778266807	None	None
MIB2	0.0295782182646883	0.105826487524227	-0.0762482692595384	None	None
MIR1292	0.0260412469557967	0.10406359459457	-0.0780223476387737	None	None
MIR6891	0	0.102634343232431	0	None	None
MLKL	0.0701317054384414	0.134587301428646	-0.0644555959902046	None	None
MNDA	0.0774659003636684	0.133884611891096	-0.0564187115274276	None	None
MPEG1	0.139941483392653	0.172108485247034	-0.0321670018543803	None	Innate IFN Response
MRC1	0.106160328633752	0.117744222247912	-0.0115838936141595	None	None
MS4A1	0.0780546050432356	0.115903010681203	-0.0378484056379675	None	None
MS4A4A	0.124011535207265	0.134942695565715	-0.0109311603584506	Shared	None
MS4A4E	0.131667934155685	0.127654067964488	0.00401386619119753	Shared	None
MS4A6A	0.125206991827239	0.159610321859288	-0.0344033300320495	None	None
MS4A7	0.134797047055286	0.151120941462484	-0.0163238944071973	Shared	None
MSR1	0.0822150367405721	0.130156556345303	-0.047941519604731	None	None
MX1	0.0411668220068682	0.13702500351012	-0.0958581815032516	Pre_Only	Innate IFN Response
MX2	0.0260248219284657	0.102082247940397	-0.0760574260119313	None	None
MZT2A	0.0288488069475208	0.102668736832827	-0.0738199298853067	None	None
MZT2B	0.0287243088728796	0.111598360211613	-0.082874051338733	Pre_Only	None
NABP1	0.0494234628915155	0.108226928583634	-0.0588034656921183	None	None
NAIP	0.0816013485929761	0.107425992265841	-0.0258246436728654	None	None
NAPSB	0.102530430281661	0	0	None	Immuno-hot tumor marker
NCF2	0.0907460537594572	0.123604730573822	-0.0328586768143652	None	None
NCF4	0.112680069311067	0.116802379925275	-0.00412231061420776	Shared	None
NCKAP1L	0.132876189459191	0.162288936239475	-0.0294127467802844	None	Immune Cell Infiltration
NCR1	0.0493433836984661	0.116821731334241	-0.067478347635775	None	None
NFAM1	0.104350316085544	0.084728213474043	0.0196221026115005	None	None
NKG7	0.116444562453391	0.103529673367901	0.0129148890854897	None	None
NLRC3	0.129315694015682	0.11122680320957	0.0180888908061126	Shared	Immune Checkpoint
NLRC4	0.0858060891811324	0.113013360607174	-0.0272072714260417	None	None
NOC2L	0.0582903408136109	0.119934242076435	-0.0616439012628238	None	None
NONO	0	0.100035957143262	0	None	Innate IFN Response
NPL	0.0788805724970057	0.132994004920847	-0.0541134324238418	None	None
NSUN5	0.0480934532426821	0.12051878136529	-0.0724253281226083	None	None
OAS1	0.0481042599819739	0.149382236412898	-0.101277976430925	Pre_Only	Innate IFN Response
OAS2	0.0527015770114487	0.152770127161951	-0.100068550150503	Pre_Only	Innate IFN Response
OAS3	0.0510622063398514	0.132963406862376	-0.0819012005225241	Pre_Only	Innate IFN Response
OASL	0.0310932840746788	0.139957009067203	-0.108863724992524	Pre_Only	Innate IFN Response
OGFRL1	0.0567432839821957	0.115463654651604	-0.0587203706694085	None	None
OLR1	0.0262263615367459	0.131241628912364	-0.105015267375618	Pre_Only	Innate IFN Response
OR2I1P	0.0884264931169731	0.125909453059034	-0.0374829599420611	None	None
OSTF1	0.0608371769623179	0.100468741254903	-0.0396315642925847	None	None
OVOL3	0.0406649932665914	0.105216467399359	-0.0645514741327675	None	None
P2RX7	0.0752880763248906	0.129560217080411	-0.0542721407555202	None	None
P2RY10	0.131939302102202	0.150688252631385	-0.0187489505291823	Shared	Immune Checkpoint
P2RY12	0.0573583337849365	0.102019640183095	-0.0446613063981585	None	None
P2RY13	0.114273210731554	0.122331053852753	-0.00805784312119924	Shared	Immune Checkpoint
P2RY8	0.138097494626018	0.121767063410359	0.0163304312156597	Shared	Immune Checkpoint
PAM16	0.0496474071468894	0.100384325932213	-0.0507369187853241	None	None
PANK4	0.0477152465708228	0.118964790977575	-0.0712495444067527	None	None
PARP14	0.0100600809256448	0.108847660702377	-0.0987875797767326	Pre_Only	Innate IFN Response
PARP15	0.109453183102991	0.135466090641516	-0.0260129075385252	None	Innate IFN Response
PARP9	0.0195601300855301	0.112854413828242	-0.0932942837427116	Pre_Only	Innate IFN Response
PATL2	0.0868308024514763	0.11623263209501	-0.0294018296435339	None	None
PAXX	0.0409478125894237	0.100908586514493	-0.0599607739250693	None	None
PDCD1LG2	0.0631107375122973	0.176611287274499	-0.113500549762202	Pre_Only	Immune Checkpoint
PDE4B	0.0979952304681322	0.118108021657812	-0.0201127911896798	None	None
PECAM1	0.128259797690933	0.147531912639465	-0.0192721149485313	Shared	Immune Cell Infiltration
PELATON	0.0363118298534799	0.115798493516744	-0.0794866636632639	None	None
PHF11	0.0310617546209308	0.105524018839272	-0.0744622642183411	None	None
PHGDH	0.0322381119608346	0.103332731104429	-0.0710946191435948	None	None
PICALM	0.0288837773656923	0.104972795570276	-0.0760890182045835	None	None
PIK3AP1	0.0589748085610245	0.113646059921566	-0.0546712513605412	None	None
PIK3CG	0.137437416059619	0.177439455662499	-0.0400020396028798	None	Immune Cell Infiltration
PIK3R5	0.124437293958353	0.117536715569495	0.00690057838885845	Shared	None
PIP4K2A	0.0977685738066582	0.10146385232779	-0.00369527852113169	None	None
PKN3	0.0254523452414768	0.112924289625891	-0.0874719443844139	Pre_Only	None
PLA2G2D	0.10985442271483	0.103255849014945	0.00659857369988499	None	None
PLAAT4	0.0669161901922584	0.104369038703291	-0.0374528485110328	None	None
PLAC8	0.0710701870701941	0.135101279745796	-0.0640310926756024	None	None
PLEK	0.125764813970893	0.160079241799011	-0.0343144278281186	None	Innate IFN Response
PLXDC2	0.0522994847653782	0.142245586015969	-0.0899461012505912	Pre_Only	None
PLXNC1	0.0898083190458563	0.10753247225424	-0.0177241532083834	None	None
POLD1	0.0575538667980615	0.131409780008081	-0.0738559132100193	None	None
POLD2	0	0.123695321188485	0	Pre_Only	None
POP7	0.0408379776755823	0.112137374615475	-0.0712993969398923	None	None
PPP1R16B	0.101873085152042	0.0918241166970082	0.0100489684550343	None	None
PRDM1	0.0632225324045146	0.115004890866478	-0.0517823584619633	None	None
PRF1	0.1333394929378	0.112803493431328	0.020535999506472	None	None
PRKCB	0.107018611259213	0.138717748552808	-0.0316991372935956	None	None
PRR33	0.117215374330114	0.0605328344427535	0.0566825398873607	Post_Only	Innate IFN Response
PSMB8	0	0.122266498381293	0	Pre_Only	Antigen Processing
PSMB8-AS1	0	0.112466498613271	0	None	None
PSMB9	0.0595518246629107	0.141877667783239	-0.0823258431203281	Pre_Only	Antigen Processing
PTGDR	0.120586085117994	0.115375158160917	0.00521092695707726	Shared	None
PTGER3	0.0699331887594129	0.114952469823466	-0.0450192810640528	None	None
PTPN22	0.100226274134676	0.165176948096965	-0.0649506739622882	None	Immune Checkpoint
PTPN7	0.134382277029674	0.101406392629448	0.0329758844002256	Post_Only	Immuno-hot tumor marker
PTPRC	0.125651717534105	0.174055344672914	-0.0484036271388087	None	None
PTPRE	0.0770642420294204	0.108525652859033	-0.0314614108296126	None	None
PUSL1	0	0.103754612556949	0	None	None
PYDC5	0.0719142577374504	0.120848052446391	-0.0489337947089408	None	None
PYHIN1	0.0999553650251866	0.130268288831485	-0.0303129238062987	None	None
RAB27A	0.0693764905613303	0.111107644239135	-0.0417311536778045	None	None
RAB37	0.103056980693738	0.0805730911187308	0.022483889575007	None	None
RAC2	0.0624429353191974	0.129437928881097	-0.0669949935618993	None	None
RALY	0	0.104032228994197	0	None	Innate IFN Response
RASGRP3	0.0951457947545853	0.114518655838333	-0.0193728610837473	None	None
RASSF5	0.0982646889140421	0.110163756623185	-0.0118990677091432	None	None
RB1	0.0110755299642291	0.10897602862731	-0.0979004986630809	Pre_Only	None
RBM10	0.0491928469088834	0.10745339349516	-0.0582605465862765	None	None
RBM43	0.0687005032615077	0.106238500587107	-0.0375379973255994	None	None
RBPJ	0	0.120830602112198	0	Pre_Only	None
RCSD1	0.142815094744359	0.14920495272942	-0.00638985798506167	Shared	Immune Cell Infiltration
RGS1	0.0922028513146561	0.117716312363414	-0.0255134610487581	None	None
RGS18	0.116531210978608	0.154113208113956	-0.0375819971353484	None	None
RHOH	0.131763961670017	0.123151434733717	0.00861252693629934	Shared	Immune Checkpoint
RIPK3	0.0728106132908695	0.104848941777048	-0.0320383284861782	None	None
RIPOR2	0.0939870243627241	0.120996521091682	-0.0270094967289576	None	None
RNASE2	0.0192711522067291	0.115115694091361	-0.0958445418846324	Pre_Only	None
RNASE6	0.131137839318064	0.159201230187573	-0.0280633908695095	None	None
RSAD2	0.0341758954788754	0.115743752757709	-0.081567857278834	Pre_Only	Innate IFN Response
RTN4R	0.0361301998710039	0.121262878276636	-0.0851326784056317	Pre_Only	None
RUBCNL	0.0572222418292408	0.105425745031989	-0.0482035032027486	None	None
RUVBL2	0.0638496042119196	0.101986464905628	-0.0381368606937086	None	None
S100B	0.0454708066797062	0.103521672972847	-0.058050866293141	None	None
SAC3D1	0	0.119011006450617	0	None	Immune Checkpoint
SAMD3	0.0800283926703036	0.130461630631177	-0.050433237960873	None	None
SAMD9L	0.0653691321240874	0.125675699696022	-0.0603065675719344	None	None
SAMHD1	0.109089088964721	0.137443580781577	-0.0283544918168559	None	None
SAMSN1	0.11028935074369	0.163169804903788	-0.0528804541600985	None	Immune Checkpoint
SASH3	0.135523959680824	0.148066126472965	-0.0125421667921411	Shared	NK/T Receptor Signaling
SCIMP	0.113860910607226	0.116447272443873	-0.00258636183664726	Shared	None
SCML4	0.143067810268459	0.119885433805682	0.0231823764627774	None	None
SDCBP	0.0411386448616512	0.10011940377173	-0.0589807589100793	None	None
SELL	0.110730146643269	0.132692415013348	-0.0219622683700792	None	None
SELPLG	0.0929874519181877	0.107548199297958	-0.0145607473797704	None	None
SERPINA1	0.00997440812815949	0.109107196252071	-0.0991327881239114	Pre_Only	None
SERPINB8	0.00582562621698177	0.106023549665742	-0.10019792344876	Pre_Only	None
SERPINB9	0.075414461575418	0.141600461054707	-0.0661859994792894	None	None
SESN1	0.100808273265421	0.0649971307517089	0.0358111425137119	Post_Only	Immune Checkpoint
SFMBT2	0.105766198741285	0.0938757987331569	0.011890400008128	None	None
SH2D1A	0.157238856071618	0.159349857792	-0.00211100172038234	Shared	T/NK Activation
SH3BGRL	0.0762111240802586	0.107650785468344	-0.0314396613880854	None	None
SHE	0.113663007750578	0.0478153785093648	0.0658476292412131	Post_Only	None
SIGLEC1	0.0964676343568547	0.102264023750894	-0.00579638939403891	None	None
SIGLEC14	0.0649993323119558	0.126534462720083	-0.0615351304081277	None	None
SIGLEC5	0.0708029361458549	0.114601109405917	-0.0437981732600624	None	None
SIGLEC7	0.0632668779293769	0.116875944747781	-0.0536090668184046	None	None
SIGLEC8	0.0589268394651824	0.111564125625535	-0.0526372861603529	None	None
SIGLEC9	0.0689992601672959	0.110414398538043	-0.0414151383707468	None	None
SIRPB2	0.120422759662238	0.143160357320112	-0.0227375976578741	None	None
SIRPD	0.0789145237270242	0.12028920697716	-0.0413746832501359	None	None
SIRPG	0.0913915817259415	0.137314130255607	-0.0459225485296653	None	None
SIT1	0.11267818570376	0.0914096513330532	0.021268534370707	None	None
SLA	0.144114558572714	0.170743204387718	-0.0266286458150042	None	Antigen Processing
SLAMF1	0.132247094244654	0.142987547137187	-0.0107404528925324	Shared	T/NK Activation
SLAMF6	0.157801253670605	0.173435459543795	-0.0156342058731907	Shared	T/NK Activation
SLAMF7	0.123011794084605	0.14892052568872	-0.025908731604115	None	None
SLAMF8	0.101799236038443	0.125055133412296	-0.0232558973738526	None	None
SLC16A7	0	0.114370989146448	0	None	Immune Cell Infiltration
SLC2A5	0.0180202501524197	0.122062900154232	-0.104042650001812	Pre_Only	Immune Cell Infiltration
SLC2A9	0.0446812092646586	0.10665947303532	-0.0619782637706617	None	None
SLC37A2	0.0871586777539036	0.113474958141403	-0.0263162803874997	None	None
SLC7A7	0.0572075124802704	0.121793514052029	-0.0645860015717584	None	None
SLC9A9	0.133362464925505	0.145778687732142	-0.0124162228066371	Shared	None
SLCO2B1	0.112027721998238	0.125562479492644	-0.0135347574944066	Shared	None
SLFN12L	0.156557711558552	0.154178984000761	0.00237872755779031	Shared	None
SLFN14	0.0823205655458149	0.101584674279924	-0.0192641087341089	None	None
SLX9	0.0472813221443478	0.1008777242613	-0.0535964021169525	None	None
SMAP2	0.122062592357735	0.0992528788419738	0.0228097135157613	None	None
SMPD4	0.0554646092589603	0.103672945094203	-0.048208335835243	None	None
SNAP47	0.00900049206434594	0.100985919085319	-0.0919854270209729	Pre_Only	None
SNRPA	0	0.126327400522784	0	Pre_Only	None
SNX20	0.148764393850831	0.157111245471127	-0.00834685162029605	Shared	None
SP100	0.0459848461641637	0.115923641156446	-0.069938794992282	None	None
SP140	0.126376429528125	0.155759127242835	-0.0293826977147105	None	None
SPIC	0.0611562910337146	0.126538733590352	-0.065382442556637	None	None
SPINDOC	0	0.106879416914212	0	None	None
SPN	0.141021750232646	0.0825500083130268	0.0584717419196197	Post_Only	NK/T Receptor Signaling
SPP1	0.0265767996655716	0.107865869107301	-0.0812890694417298	Pre_Only	Immune Checkpoint
SPRED1	0	0.108668040870863	0	None	Immune Checkpoint
SQOR	0.0323693253863337	0.106631811188885	-0.0742624858025515	None	None
SRGN	0.0780254648602529	0.137888688496091	-0.0598632236358384	None	None
ST18	0.0390097872744078	0.105118081840308	-0.0661082945658999	None	None
ST8SIA1	0.0925609021290356	0.104544975523539	-0.0119840733945032	None	None
ST8SIA4	0.0943059553553206	0.118938717836941	-0.0246327624816207	None	None
STAM2	0	0.120613254717334	0	Pre_Only	T/NK Activation
STAP1	0.0692489678105661	0.126298383726468	-0.0570494159159015	None	None
STARD5	0	0.120450302666879	0	Pre_Only	None
STAT1	0.0324150422935774	0.143112564898657	-0.110697522605079	Pre_Only	Innate IFN Response
STAT2	0.0509716820371803	0.108730607821436	-0.0577589257842559	None	None
STEAP4	0	0.111116914322959	0	None	T/NK Activation
STK17B	0.0593716120955287	0.10943424885627	-0.0500626367607415	None	None
STOM	0.0930786131460137	0.136909032494854	-0.0438304193488402	None	None
STX11	0.09714437697872	0.10693148180274	-0.00978710482402047	None	None
TAGAP	0.126267104232314	0.133550822378739	-0.0072837181464252	Shared	None
TAGAP-AS1	0.105913419442975	0.108564446070981	-0.00265102662800594	None	None
TAP1	0.0337273003182611	0.105499708774237	-0.0717724084559758	None	None
TAP2	0.0102927233771837	0.101896191521831	-0.0916034681446475	Pre_Only	Antigen Processing
TASL	0.124048236609078	0.159032294028574	-0.034984057419496	None	None
TBX21	0.118562109380371	0.086996226202781	0.03156588317759	Post_Only	NK/T Receptor Signaling
TCF4	0.0868387525955706	0.102199979378576	-0.015361226783005	None	None
TENT5A	0	0.111491798670662	0	None	None
TENT5C	0.0944051291776258	0.113194523531919	-0.0187893943542933	None	None
TESPA1	0.0885763697666213	0.114859022205483	-0.0262826524388615	None	None
TFEC	0.124868048889222	0.170567029089329	-0.0456989802001063	None	None
TGFBR2	0	0.113347758011594	0	None	Immune Checkpoint
THEMIS	0.152224490356345	0.154745835256472	-0.0025213449001272	Shared	NK/T Receptor Signaling
THOP1	0.0456987123431952	0.109750693843235	-0.0640519815000399	None	None
TIFAB	0.122570551765693	0.123877735694974	-0.00130718392928135	Shared	None
TIGIT	0.136267310157945	0.15758504483449	-0.0213177346765454	None	None
TLR1	0.05883130392945	0.169304048490959	-0.110472744561509	Pre_Only	Innate IFN Response
TLR10	0.0647764268133923	0.138241408192446	-0.0734649813790539	None	Innate IFN Response
TLR2	0.105462613225228	0.181789358144974	-0.0763267449197463	None	Innate IFN Response
TLR3	0.046755044376577	0.104769119382141	-0.0580140750055642	None	Innate IFN Response
TLR4	0.103975111791256	0.178636470525743	-0.0746613587344875	None	Innate IFN Response
TLR6	0.0614673002828758	0.142718874140991	-0.0812515738581151	Pre_Only	Innate IFN Response
TLR7	0.055359323874323	0.110944897732212	-0.055585573857889	None	Innate IFN Response
TLR8	0.0707850188261179	0.142821179798495	-0.0720361609723769	None	Innate IFN Response
TMC8	0.101213839353703	0.0629311377631146	0.0382827015905884	Post_Only	Immuno-hot tumor marker
TMEM106A	0.064755667169688	0.104354064595371	-0.0395983974256829	None	None
TMEM156	0.0721858963131661	0.136124705188998	-0.0639388088758316	None	None
TMEM200A	0.0422733102241716	0.103981439797238	-0.0617081295730662	None	None
TMEM201	0.0502005946620504	0.13420588787146	-0.0840052932094101	Pre_Only	None
TMIGD2	0.0510639024634079	0.103117888000653	-0.0520539855372451	None	None
TMIGD3	0.081178123121399	0.114695076375099	-0.0335169532536996	None	None
TMPO-AS1	0.0304226911604615	0.105384171919329	-0.0749614807588678	None	None
TMUB1	0.0427477688390192	0.101280272486875	-0.0585325036478561	None	None
TNFAIP8L2	0.110335818990726	0.125561199193479	-0.0152253802027531	Shared	Immune Checkpoint
TNFRSF11A	0.0640708151506651	0.116642346256479	-0.0525715311058143	None	None
TNFRSF17	0.0711622565398499	0.111284024251018	-0.0401217677111684	None	None
TNFSF12-TNFSF13	0.075334569256433	0.10837471870699	-0.033040149450557	None	None
TNFSF13	0.0719721190605602	0.109407366124334	-0.0374352470637739	None	None
TNFSF13B	0.103440099753244	0.172862429378359	-0.0694223296251151	None	None
TNFSF14	0.0590699791946317	0.116097157533803	-0.0570271783391717	None	None
TNFSF8	0.13138739417972	0.145953479396652	-0.0145660852169315	Shared	T/NK Activation
TRAF1	0.110720044926298	0.0867332727687445	0.0239867721575533	None	None
TRAF3IP3	0.108589839638	0.135732275284816	-0.0271424356468167	None	None
TRAJ15	0.0629673013091785	0.119087372740827	-0.0561200714316482	None	None
TRAT1	0.134827171172139	0.141155377612377	-0.00632820644023796	Shared	NK/T Receptor Signaling
TREM2	0.0490696831883722	0.110099632221835	-0.0610299490334631	None	None
TRGC2	0.0716291178487288	0.115534917062859	-0.0439057992141304	None	None
TRGV7	0.061704165634287	0.119067257274249	-0.057363091639962	None	None
TRIM14	0.0375820735586689	0.103260449770714	-0.0656783762120454	None	None
TRIM21	0.0648791131614182	0.144074993301193	-0.0791958801397751	None	None
TRIM22	0.104856580432714	0.161640966779178	-0.0567843863464645	None	Innate IFN Response
TRIM28	0.0522127244874645	0.106160264120807	-0.0539475396333425	None	None
TRIM34	0.0753269844003793	0.131227945703058	-0.0559009613026786	None	None
TRIM6-TRIM34	0.0628833933626303	0.102773448074592	-0.0398900547119614	None	None
TRIM69	0.0704016258271752	0.106187505260744	-0.0357858794335692	None	None
TXNIP	0.0897491076636982	0.115425667561645	-0.0256765598979469	None	None
TYROBP	0.10300773568794	0.125817593959812	-0.022809858271872	None	None
UBD	0.0837044020068487	0.128655056528123	-0.0449506545212744	None	None
UBE2J2	0.0516565455938108	0.102872616985985	-0.0512160713921745	None	None
UBE2L6	0.0522172184098052	0.135300781203561	-0.0830835627937558	Pre_Only	None
UBE2S	0.0574343266885628	0.118811106625946	-0.0613767799373828	None	None
VNN1	0.0373522857609467	0.105182989416086	-0.0678307036551389	None	None
VNN2	0.0868426247679671	0.127052963542363	-0.0402103387743959	None	None
VSIG4	0.0929873732977377	0.12327921586173	-0.0302918425639919	None	None
VWA5A	0.0761944519771064	0.116953069701859	-0.0407586177247523	None	None
WARS1	0.00010557975894183	0.110376732832856	-0.110271153073914	Pre_Only	Innate IFN Response
WASHC4	0.0362004391646818	0.109923348928907	-0.0737229097642252	None	None
WIPF1	0.110456087796223	0.13300097451099	-0.0225448867147668	None	None
WRAP73	0	0.109453971008753	0	None	None
XAF1	0.0742025153316314	0.134783168169129	-0.0605806528374974	None	None
XRCC3	0.0177844398421835	0.101602327359022	-0.0838178875168381	Pre_Only	None
YDJC	0.0569504506669474	0.10001413785241	-0.0430636871854626	None	None
ZAP70	0.107033326315814	0.0746445679478661	0.0323887583679479	Post_Only	T/NK Activation
ZC3H12D	0.121295763256424	0.103044070757074	0.0182516924993499	None	None
ZFPL1	0.0698191809239949	0.102900747813924	-0.0330815668899293	None	None
ZNF282	0.032692877729641	0.112555905243791	-0.0798630275141499	None	None
ZNF366	0.117375562763063	0.0989392407154703	0.0184363220475928	None	None
ZNF408	0.0435853725254027	0.103686589406444	-0.0601012168810413	None	None
ZNF438	0.0758036350646802	0.112509737160154	-0.0367061020954739	None	None
ZNF593	0.0343289495469983	0.104927560541364	-0.0705986109943652	None	None
ZNF768	0.0440267302112112	0.110905148789882	-0.0668784185786706	None	None
ZNF80	0.0697628390642776	0.126760055464992	-0.0569972164007144	None	None
ZNF831	0.134338364612658	0.118517924145241	0.0158204404674175	Shared	None
