To	From	Weight
A2M	GBP4	0.107253243147341
A2M-AS1	GBP4	0.127676952386639
ABCA1	GBP4	0.0239833460292875
ABCD2	GBP4	0.114357081848509
ABHD8	GBP4	0.0393525310292974
ACOT7	GBP4	0
ACSL1	GBP4	0.0564644339634726
ACSL5	GBP4	0.0639161299885976
ADA2	GBP4	0.112568239407252
ADAMDEC1	GBP4	0.0567341201786493
ADGRE1	GBP4	0.05911354316322
ADGRE2	GBP4	0.0473767373305732
ADORA3	GBP4	0.0904060607247825
AIF1	GBP4	0.10945313822317
AIM2	GBP4	0.116932117023589
ALKBH4	GBP4	0
ALOX5AP	GBP4	0.0699657444551104
ANAPC11	GBP4	0.0476375845605413
ANKRD22	GBP4	0.0666677451686731
ANKRD44	GBP4	0.142033681349455
ANTXR2	GBP4	0.0773279686964531
AOAH	GBP4	0.142158756451264
AP4M1	GBP4	0
APBB1IP	GBP4	0.0661025611914465
APOBEC3G	GBP4	0.0863371444458425
APOC2	GBP4	0.0236848980327327
APOC4-APOC2	GBP4	0.0238817827908845
APOL1	GBP4	0.040808214105653
APOL2	GBP4	0.0260234913968385
APOL3	GBP4	0
APOL4	GBP4	0.0775519241319502
APOL6	GBP4	0
AQP1	GBP4	0.10347312828824
AQP9	GBP4	0.0341887675809709
ARHGAP15	GBP4	0.129004441857337
ARHGAP18	GBP4	0.0514195215351358
ARHGAP25	GBP4	0.0923983627305662
ARHGDIB	GBP4	0.109687417960795
ARHGEF6	GBP4	0.1272166729943
ARL11	GBP4	0.0940562519933732
ARRDC5	GBP4	0.111238120802583
ASAH1	GBP4	0.0423331883369347
ATAD3A	GBP4	0.0752508616923855
ATP6V1B2	GBP4	0.0313500957018461
ATP8B4	GBP4	0.0835729707465667
AURKAIP1	GBP4	0.0595129769045809
B2M	GBP4	0
BATF	GBP4	0.110382392457412
BATF2	GBP4	0.0751290929529927
BCL2A1	GBP4	0.0605785696519995
BIN2	GBP4	0.122877523540219
BMP2K	GBP4	0.0187369926348935
BTK	GBP4	0.108987780814467
BTN3A1	GBP4	0
BTN3A3	GBP4	0.0873840429285448
C16orf54	GBP4	0.125596179124489
C1QA	GBP4	0.103526296936754
C1QB	GBP4	0.0952133443652802
C1S	GBP4	0.0771655181566393
C1orf159	GBP4	0.0542372498615233
C1orf162	GBP4	0.086302255154702
C1orf35	GBP4	0.0424646736398845
C2	GBP4	0.0565530891131713
C3AR1	GBP4	0.10737168331673
C5orf58	GBP4	0.0548194481505696
CALCRL	GBP4	0.11280224807287
CALHM6	GBP4	0.0882430023109581
CALHM6-AS1	GBP4	0.0865478988088526
CARD16	GBP4	0.072942159683705
CARD6	GBP4	0.0527379173500401
CARD8	GBP4	0.113558846904057
CASP1	GBP4	0.0963941177926211
CASP4	GBP4	0.0284500660336488
CASP5	GBP4	0
CBX8	GBP4	0.0511782728757584
CCHCR1	GBP4	0.0379112103813345
CCL3	GBP4	0.0801267496010054
CCL4	GBP4	0.0916608346565498
CCL4L2	GBP4	0.0673029935616374
CCL5	GBP4	0.144533408265032
CCL8	GBP4	0.06100630927343
CCR1	GBP4	0.10689676719242
CCR2	GBP4	0.146485123864662
CCR3	GBP4	0.0503124364757103
CCR4	GBP4	0.121126783310461
CCR5	GBP4	0.143133316046198
CCR6	GBP4	0.0892439823674992
CCR8	GBP4	0.0210153189601704
CCRL2	GBP4	0.0903691798679064
CD163	GBP4	0.0929729397801092
CD180	GBP4	0.0864778770773218
CD2	GBP4	0.117306608629052
CD209	GBP4	0.10306528171079
CD226	GBP4	0.113558846665904
CD244	GBP4	0.101635232015795
CD247	GBP4	0.131627707475809
CD274	GBP4	0.0505756565384418
CD28	GBP4	0.114303057231921
CD300A	GBP4	0.106145437935961
CD300C	GBP4	0.100851742984702
CD300E	GBP4	0.069172847177196
CD300LF	GBP4	0.0718074334350302
CD33	GBP4	0.114242438922125
CD36	GBP4	0.0918223783491355
CD38	GBP4	0.080308069278918
CD3D	GBP4	0.136650455012322
CD3E	GBP4	0.0934288198261419
CD3G	GBP4	0.138425929298986
CD4	GBP4	0.108856869541075
CD40	GBP4	0.0768033224441359
CD44	GBP4	0.0153359242927038
CD44-AS1	GBP4	0.00432807220490763
CD48	GBP4	0.138463679259743
CD52	GBP4	0.114885445272835
CD53	GBP4	0.135383657474693
CD69	GBP4	0.0865040884701827
CD80	GBP4	0.0726816694293568
CD84	GBP4	0.124576737586531
CD86	GBP4	0.119194536530227
CD8A	GBP4	0.131790878253122
CD8B	GBP4	0.114777259634962
CD93	GBP4	0.122151283273814
CD96	GBP4	0.127817998537693
CDT1	GBP4	0.0679802914031201
CEACAM21	GBP4	0.143261248498395
CELF2	GBP4	0.0821861862478326
CFH	GBP4	0.0602695368450381
CFLAR	GBP4	0
CHTF18	GBP4	0
CLEC10A	GBP4	0.119401272415643
CLEC12A	GBP4	0.0977429304033309
CLEC12B	GBP4	0.062481532996953
CLEC1A	GBP4	0.113075759335777
CLEC2B	GBP4	0.0923355242714909
CLEC4A	GBP4	0.073532299143985
CLEC4C	GBP4	0.0661039920803362
CLEC4D	GBP4	0.0788156545753202
CLEC4E	GBP4	0.110550675315173
CLEC5A	GBP4	0.0214123565975356
CLEC6A	GBP4	0.0706998225405812
CLEC7A	GBP4	0.108336682927867
CLEC9A	GBP4	0.0584671853290615
CLECL1P	GBP4	0.091168665722435
CLIC2	GBP4	0
CLNK	GBP4	0.0835860496116774
CMKLR1	GBP4	0.121057257197535
CMPK2	GBP4	0.0478172863176302
CNDP2	GBP4	0.0272824045321834
CPNE8	GBP4	0.0898055420857635
CPSF4	GBP4	0.0285537462048601
CR1	GBP4	0.0826330801922403
CRTAM	GBP4	0.130230865708136
CSF1R	GBP4	0.0907349469821241
CSF2RB	GBP4	0.121198628509613
CTLA4	GBP4	0.117337263902012
CTSH	GBP4	0.0838266541393919
CTSL	GBP4	0.0341208106572868
CTSO	GBP4	0
CTSS	GBP4	0.105566511777447
CXCL10	GBP4	0.0729695760240548
CXCL11	GBP4	0.0653581957712913
CXCL13	GBP4	0.0743277621399977
CXCL9	GBP4	0.095944541987248
CXCR3	GBP4	0.10848023261013
CXCR4	GBP4	0.104422769436518
CXCR6	GBP4	0.125139319492745
CYBB	GBP4	0.115798660149015
CYLD	GBP4	0.0475221157781534
CYP7B1	GBP4	0.0877339028293693
CYRIA	GBP4	0
CYSLTR1	GBP4	0.122932561287862
CYSLTR2	GBP4	0
CYTH4	GBP4	0.124782269720252
CYTIP	GBP4	0.136439258846623
DAB2	GBP4	0.0486538796146584
DCANP1	GBP4	0.116290773237996
DDX60L	GBP4	0
DNAJC5B	GBP4	0.0652482190954034
DOCK2	GBP4	0.126353829170557
DOK2	GBP4	0.123309458181754
DPYD	GBP4	0.0946126247458235
DTHD1	GBP4	0.0788801667563328
DTX3L	GBP4	0.0106670678353764
DVL1	GBP4	0.0410949862576608
ELK3	GBP4	0.0413949699166425
ELL2	GBP4	0.0290746246359766
EMCN	GBP4	0.102041790383311
EOMES	GBP4	0.123536054800255
EPSTI1	GBP4	0.0671725843397601
ERAP1	GBP4	0.0500925875411301
ETS1	GBP4	0
EVI2A	GBP4	0.111630905142532
F13A1	GBP4	0.0971599592836642
FAM20A	GBP4	0.0279206917110765
FAM78A	GBP4	0.137142968660193
FANCE	GBP4	0.0153148816875937
FAS	GBP4	0
FASLG	GBP4	0.122569141284642
FBXL5	GBP4	0
FCAR	GBP4	0.0587100917219722
FCER1G	GBP4	0.0960670331150432
FCGR1CP	GBP4	0.0604036570323806
FCGR2A	GBP4	0.096356367225393
FCGR2B	GBP4	0.104208092403294
FCGR3A	GBP4	0.0796184083558314
FCGR3B	GBP4	0.0642117783606335
FCN1	GBP4	0.102195973764217
FCRL1	GBP4	0.061297163729146
FCRL2	GBP4	0.0611797454864352
FCRL3	GBP4	0.0873074068073543
FCRL4	GBP4	0.0618845431237581
FCRL5	GBP4	0.0798676999872096
FCRL6	GBP4	0.0994221369707046
FFAR4	GBP4	0.0442905193318934
FGL2	GBP4	0.136135501991274
FLI1	GBP4	0.101492605265734
FOLR2	GBP4	0.111843378739104
FOXN3	GBP4	0
FPR1	GBP4	0.0759279106946269
FPR3	GBP4	0.101275173898934
FYB1	GBP4	0.0818446864877092
GAB3	GBP4	0.110855871355605
GALC	GBP4	0.0446158147882191
GAPT	GBP4	0.100668099854128
GASK1B	GBP4	0.073866188585228
GBP1	GBP4	0.0775693703206367
GBP1P1	GBP4	0
GBP2	GBP4	0
GBP5	GBP4	0.103665381192992
GFI1	GBP4	0.124819438196326
GIMAP1	GBP4	0.131357441706681
GIMAP1-GIMAP5	GBP4	0.142427713350419
GIMAP2	GBP4	0.13256628628493
GIMAP4	GBP4	0.143300920889643
GIMAP5	GBP4	0.142947431550612
GIMAP6	GBP4	0
GIMAP7	GBP4	0.127861311863978
GIMAP8	GBP4	0.142569693502645
GLIPR1	GBP4	0.0410642078966282
GLRX	GBP4	0.0462896858476254
GMFG	GBP4	0.148295006784764
GNG2	GBP4	0
GNGT2	GBP4	0.107149053458985
GNLY	GBP4	0.0910504494866615
GPNMB	GBP4	0.0540852725451202
GPR141	GBP4	0.0758143931482853
GPR171	GBP4	0.112316527133529
GPR174	GBP4	0.148762544681797
GPR183	GBP4	0.0813881648237911
GPR65	GBP4	0.116634435633201
GPRIN3	GBP4	0.119504145091473
GRAP2	GBP4	0.13200732689069
GRK3	GBP4	0.106012794619559
GTDC1	GBP4	0
GTPBP3	GBP4	0.0384151708640119
GZMA	GBP4	0.138431077001873
GZMB	GBP4	0.106235705807059
GZMH	GBP4	0.123619430625813
GZMK	GBP4	0.145245977391081
H1-10	GBP4	0.0326292922692454
H2AC12	GBP4	0.0565429420527519
H2AC13	GBP4	0.0642314062539674
H2AC25	GBP4	0.0357921435313781
H2AX	GBP4	0.0377574936040818
H2BC12	GBP4	0.0369253091440572
H2BC13	GBP4	0.0595456363335264
H2BC17	GBP4	0.0603970736010397
H3C13	GBP4	0.028028084333705
H3C15	GBP4	0
H4C11	GBP4	0.0417438248958534
HACD4	GBP4	0
HAVCR2	GBP4	0.10860164983172
HCLS1	GBP4	0.0871160444347882
HCST	GBP4	0.112091606918901
HERC6	GBP4	0
HFE	GBP4	0.0493153160818892
HGF	GBP4	0.0717376622535822
HLA-B	GBP4	0
HLA-C	GBP4	0.0479158490803976
HLA-DMA	GBP4	0.100731211923014
HLA-DMB	GBP4	0.0750717302037685
HLA-DOA	GBP4	0.105333699186061
HLA-DOB	GBP4	0.0596469517991994
HLA-DPA1	GBP4	0.119398695372312
HLA-DPB1	GBP4	0.117716652942424
HLA-DQA1	GBP4	0.110005535945652
HLA-DQA1-AS1	GBP4	0.0956190251977375
HLA-DRA	GBP4	0.118253256231955
HLA-DRB1	GBP4	0.115464425041025
HLA-DRB5	GBP4	0.111919738946094
HLA-DRB6	GBP4	0.0987226210942136
HLA-L	GBP4	0.0423875386189014
HNMT	GBP4	0
HSH2D	GBP4	0.0447305981615277
ICAM1	GBP4	0.00526449394346158
ICOS	GBP4	0.121359082599274
IDO1	GBP4	0.0647452564461635
IFI16	GBP4	0.0433995051973508
IFI27	GBP4	0.0231165623491923
IFI30	GBP4	0.0493409623586322
IFI35	GBP4	0.0504432832003453
IFI44	GBP4	0.0409329556855216
IFI44L	GBP4	0.0669055831409798
IFIH1	GBP4	0.0501858819698057
IFIT2	GBP4	0.0429328556331638
IFIT3	GBP4	0.042811388151081
IFNG	GBP4	0.0813868596726086
IFNGR1	GBP4	0.0575514480970993
IGHA1	GBP4	0.116531252665281
IGHA2	GBP4	0.0907921014309775
IGHG1	GBP4	0.116598121943156
IGHG2	GBP4	0.113101495040804
IGHG3	GBP4	0.114632866720532
IGHG4	GBP4	0.107895185937547
IGHGP	GBP4	0.106618000568357
IGHV1-12	GBP4	0.0769548470530378
IGHV1-14	GBP4	0.0695769135891555
IGHV1-18	GBP4	0.109378229305632
IGHV1-3	GBP4	0.0865816981130201
IGHV1-45	GBP4	0.0894423192139687
IGHV1-46	GBP4	0.0934926627326393
IGHV1-58	GBP4	0.0736058054168359
IGHV1-67	GBP4	0.0723053164813652
IGHV1-69	GBP4	0.0966237145799507
IGHV1OR15-1	GBP4	0.078247687716774
IGHV3-11	GBP4	0.104516909160378
IGHV3-15	GBP4	0.0982312052288587
IGHV3-21	GBP4	0.10252384719612
IGHV3-23	GBP4	0.110041975322158
IGHV3-32	GBP4	0.0771851569331989
IGHV3-33	GBP4	0.103858498620959
IGHV3-52	GBP4	0.0845304384227199
IGHV3-53	GBP4	0.0981740832485937
IGHV3-60	GBP4	0.086967222026757
IGHV3-66	GBP4	0.102996077738221
IGHV3-69-1	GBP4	0.0949337555946444
IGHV3-7	GBP4	0.104070362336143
IGHV3-72	GBP4	0.0869776659440769
IGHV3OR16-17	GBP4	0.0898005019118593
IGHV3OR16-8	GBP4	0.086620721555735
IGHV4-28	GBP4	0.0971912957568182
IGHV4-34	GBP4	0.100354625789371
IGHV4-39	GBP4	0.100410559076657
IGHV4-61	GBP4	0.0983694296534764
IGHV5-51	GBP4	0.0945307417149194
IGHV7-4-1	GBP4	0.0724664768174571
IGKC	GBP4	0.12900912492015
IGKJ1	GBP4	0.10523137277927
IGKJ2	GBP4	0.105068289115591
IGKJ3	GBP4	0.10454505480763
IGKJ4	GBP4	0.109012910761833
IGKJ5	GBP4	0.106022972772996
IGKV1-13	GBP4	0.0731925868354949
IGKV1-16	GBP4	0.0892290773632105
IGKV1-22	GBP4	0.0710409741883438
IGKV1-27	GBP4	0.0909873798675927
IGKV1-33	GBP4	0.102878701145983
IGKV1-35	GBP4	0.0778575441451653
IGKV1-37	GBP4	0.0845106272213776
IGKV1-39	GBP4	0.111931793142836
IGKV1-5	GBP4	0.0957408852505479
IGKV1-6	GBP4	0.0834996813720143
IGKV1-9	GBP4	0.111149476364582
IGKV1D-12	GBP4	0.0729381720556602
IGKV1D-13	GBP4	0.0671032118960803
IGKV1D-16	GBP4	0.0771079525083981
IGKV1D-17	GBP4	0.0693411766712719
IGKV1D-27	GBP4	0.0817200127866866
IGKV1D-33	GBP4	0.0868199662749443
IGKV1D-35	GBP4	0.07259720627128
IGKV1D-37	GBP4	0.0776941029449655
IGKV1D-39	GBP4	0.100975751232609
IGKV1D-8	GBP4	0.0812470596012674
IGKV2-14	GBP4	0.0698783384604472
IGKV2-18	GBP4	0.0752013405906374
IGKV2-28	GBP4	0.0884216889249101
IGKV2-30	GBP4	0.10079960553082
IGKV2D-24	GBP4	0.0786798483672756
IGKV2D-28	GBP4	0.0789781432738644
IGKV3-11	GBP4	0.125401478221661
IGKV3-15	GBP4	0.0987148212199301
IGKV3-20	GBP4	0.122407218025612
IGKV3-31	GBP4	0.0687429662703812
IGKV3-7	GBP4	0.0853614010184241
IGKV3D-11	GBP4	0.0976728148039011
IGKV3D-15	GBP4	0.088241810517055
IGKV3D-20	GBP4	0.0986942071602498
IGKV3D-25	GBP4	0.0694590855061723
IGKV3D-7	GBP4	0.078049808781547
IGKV4-1	GBP4	0.100983602182126
IGKV7-3	GBP4	0.0713475230928272
IGLC2	GBP4	0.110318731030873
IGLC3	GBP4	0.0839385274207839
IGLJ2	GBP4	0.107180864605194
IGLV1-40	GBP4	0.110832671242623
IGLV2-11	GBP4	0.107741849222631
IGLV2-14	GBP4	0.105516743771253
IGLV2-23	GBP4	0.097666742311008
IGLV2-8	GBP4	0.0915823903419568
IGLV3-1	GBP4	0.101222943563005
IGLV3-21	GBP4	0.113361097217189
IGLV3-22	GBP4	0.0762488022357284
IGLV3-32	GBP4	0.0724646669964108
IGLV6-57	GBP4	0.0874004296557968
IGLV7-46	GBP4	0.0697095128751938
IGLVI-20	GBP4	0.0605297432113351
IGSF6	GBP4	0.0977485290105454
IKZF1	GBP4	0.137601161141577
IKZF3	GBP4	0.134713318353518
IL10RA	GBP4	0.145593007548062
IL16	GBP4	0.103581312091221
IL18RAP	GBP4	0.0808974897599806
IL1R1	GBP4	0.0474493958503293
IL1RL1	GBP4	0.0312398255003945
IL21	GBP4	0.072557597837513
IL21R	GBP4	0.093724585845536
IL24	GBP4	0.064450475812839
IL2RA	GBP4	0.0968039119436806
IL2RB	GBP4	0.115923930395459
IL2RG	GBP4	0.0662405153854263
IL7	GBP4	0
IL7R	GBP4	0.0882561229596266
INSYN2B	GBP4	0.0506006703475287
IPCEF1	GBP4	0.115251169559304
IRAK3	GBP4	0.0872973012323803
IRF1	GBP4	0.0188341817470452
IRF2BP1	GBP4	0.0266107447771831
IRF9	GBP4	0.0535244214501461
ISYNA1	GBP4	0
ITGA4	GBP4	0.0814300406036659
ITGAL	GBP4	0.130528139084888
ITGAM	GBP4	0.0960517295039816
ITGB2	GBP4	0.10146967022198
ITK	GBP4	0.1347693314202
JAK2	GBP4	0.0898710108613797
JAML	GBP4	0.146693972046528
JCHAIN	GBP4	0.0905676056561689
KCNA3	GBP4	0.1282142994324
KIF22	GBP4	0.0596820629172786
KIR2DL4	GBP4	0.0508009833314047
KLHL6	GBP4	0.124744954468062
KLRB1	GBP4	0.0729906666887393
KLRC2	GBP4	0.076148440673771
KLRC3	GBP4	0.098413985989902
KLRC4	GBP4	0.123653313220766
KLRC4-KLRK1	GBP4	0.144692099452291
KLRD1	GBP4	0.133795963077932
KLRG1	GBP4	0.126707415578405
KLRK1	GBP4	0.142552289344508
KMT5C	GBP4	0.035954333087828
KRBA1	GBP4	0.032583963421893
KYNU	GBP4	0.0805453271193414
LACC1	GBP4	0
LACTB	GBP4	0.0195836857664055
LAIR1	GBP4	0.125411677661368
LAIR2	GBP4	0.0486709744031336
LAMP3	GBP4	0.0157002330159933
LAP3	GBP4	0.0502841626019048
LAPTM5	GBP4	0.109829313510683
LAT2	GBP4	0.0966393974372574
LAX1	GBP4	0.1278896605158
LCP1	GBP4	0.101302007580846
LCP2	GBP4	0.0808482064462941
LILRA1	GBP4	0.0846851307362499
LILRA2	GBP4	0.0799905648469426
LILRB1	GBP4	0.107455731771855
LILRB2	GBP4	0.0833786767931929
LILRB4	GBP4	0.0930924404649282
LILRB5	GBP4	0.101028215926262
LILRP2	GBP4	0.0386056010719785
LINC01890	GBP4	0.076040287334407
LINC02694	GBP4	0.0673051788426618
LIPM	GBP4	0.0611507201571764
LMO2	GBP4	0
LOC101927723	GBP4	0.090084805104743
LOC101928517	GBP4	0.0572295301761515
LOC101928816	GBP4	0.057211386299091
LOC102724020	GBP4	0.0506782011051725
LOC102724971	GBP4	0.0755199487462693
LOC102725101	GBP4	0.0552004995906269
LOC105370700	GBP4	0.0788833055918247
LOC105373024	GBP4	0.0949752056839764
LOC105377921	GBP4	0
LOC107985076	GBP4	0
LOC112268267	GBP4	0
LOC124901031	GBP4	0.0525771465700469
LOC124901298	GBP4	0
LOC124902368	GBP4	0.0728026879743451
LOC124902870	GBP4	0.10202578336238
LOC124903398	GBP4	0.0427504079714668
LOC124903668	GBP4	0.0701493253373487
LOC124903681	GBP4	0.0616932834430566
LOC124903905	GBP4	0
LOC124904439	GBP4	0.142362661603736
LOC124904752	GBP4	0.113527375579477
LOC124905215	GBP4	0.124406826510893
LPAR6	GBP4	0.0873018111720047
LPCAT2	GBP4	0.0332052937248192
LPXN	GBP4	0.0937558656433536
LRRC18	GBP4	0.0976890358390115
LRWD1	GBP4	0.0563415285573043
LSP1	GBP4	0.100159903468016
LST1	GBP4	0.112293296764619
LY86	GBP4	0.104698101741589
LY9	GBP4	0.126266027739921
LY96	GBP4	0.0887975728238317
LYZ	GBP4	0.109110749210464
MAN1A1	GBP4	0.0826520280911888
MAN2A1	GBP4	0.0192976656542539
MAP3K8	GBP4	0.0471535736790762
MARCHF1	GBP4	0.102602057517121
MARCKS	GBP4	0.0477390172465227
MATCAP2	GBP4	0.0493177765989218
MCEMP1	GBP4	0.0329780015206222
MCM2	GBP4	0.0773080247875246
MCM4	GBP4	0.088030711933979
MCM5	GBP4	0.0340161773014736
MCM7	GBP4	0.0525107586919414
MCTP1	GBP4	0.055325978827308
MDFIC	GBP4	0
MEF2A	GBP4	0.0473267047725513
MEF2C	GBP4	0.105421650192901
MFSD1	GBP4	0.0441346680264212
MIB2	GBP4	0.0295782182646883
MIR1292	GBP4	0.0260412469557967
MIR6891	GBP4	0
MLKL	GBP4	0.0701317054384414
MNDA	GBP4	0.0774659003636684
MPEG1	GBP4	0.139941483392653
MRC1	GBP4	0.106160328633752
MS4A1	GBP4	0.0780546050432356
MS4A4A	GBP4	0.124011535207265
MS4A4E	GBP4	0.131667934155685
MS4A6A	GBP4	0.125206991827239
MS4A7	GBP4	0.134797047055286
MSR1	GBP4	0.0822150367405721
MX1	GBP4	0.0411668220068682
MX2	GBP4	0.0260248219284657
MZT2A	GBP4	0.0288488069475208
MZT2B	GBP4	0.0287243088728796
NABP1	GBP4	0.0494234628915155
NAIP	GBP4	0.0816013485929761
NAPSB	GBP4	0.102530430281661
NCF2	GBP4	0.0907460537594572
NCF4	GBP4	0.112680069311067
NCKAP1L	GBP4	0.132876189459191
NCR1	GBP4	0.0493433836984661
NFAM1	GBP4	0.104350316085544
NKG7	GBP4	0.116444562453391
NLRC3	GBP4	0.129315694015682
NLRC4	GBP4	0.0858060891811324
NOC2L	GBP4	0.0582903408136109
NONO	GBP4	0
NPL	GBP4	0.0788805724970057
NSUN5	GBP4	0.0480934532426821
OAS1	GBP4	0.0481042599819739
OAS2	GBP4	0.0527015770114487
OAS3	GBP4	0.0510622063398514
OASL	GBP4	0.0310932840746788
OGFRL1	GBP4	0.0567432839821957
OLR1	GBP4	0.0262263615367459
OR2I1P	GBP4	0.0884264931169731
OSTF1	GBP4	0.0608371769623179
OVOL3	GBP4	0.0406649932665914
P2RX7	GBP4	0.0752880763248906
P2RY10	GBP4	0.131939302102202
P2RY12	GBP4	0.0573583337849365
P2RY13	GBP4	0.114273210731554
P2RY8	GBP4	0.138097494626018
PAM16	GBP4	0.0496474071468894
PANK4	GBP4	0.0477152465708228
PARP14	GBP4	0.0100600809256448
PARP15	GBP4	0.109453183102991
PARP9	GBP4	0.0195601300855301
PATL2	GBP4	0.0868308024514763
PAXX	GBP4	0.0409478125894237
PDCD1LG2	GBP4	0.0631107375122973
PDE4B	GBP4	0.0979952304681322
PECAM1	GBP4	0.128259797690933
PELATON	GBP4	0.0363118298534799
PHF11	GBP4	0.0310617546209308
PHGDH	GBP4	0.0322381119608346
PICALM	GBP4	0.0288837773656923
PIK3AP1	GBP4	0.0589748085610245
PIK3CG	GBP4	0.137437416059619
PIK3R5	GBP4	0.124437293958353
PIP4K2A	GBP4	0.0977685738066582
PKN3	GBP4	0.0254523452414768
PLA2G2D	GBP4	0.10985442271483
PLAAT4	GBP4	0.0669161901922584
PLAC8	GBP4	0.0710701870701941
PLEK	GBP4	0.125764813970893
PLXDC2	GBP4	0.0522994847653782
PLXNC1	GBP4	0.0898083190458563
POLD1	GBP4	0.0575538667980615
POLD2	GBP4	0
POP7	GBP4	0.0408379776755823
PPP1R16B	GBP4	0.101873085152042
PRDM1	GBP4	0.0632225324045146
PRF1	GBP4	0.1333394929378
PRKCB	GBP4	0.107018611259213
PRR33	GBP4	0.117215374330114
PSMB8	GBP4	0
PSMB8-AS1	GBP4	0
PSMB9	GBP4	0.0595518246629107
PTGDR	GBP4	0.120586085117994
PTGER3	GBP4	0.0699331887594129
PTPN22	GBP4	0.100226274134676
PTPN7	GBP4	0.134382277029674
PTPRC	GBP4	0.125651717534105
PTPRE	GBP4	0.0770642420294204
PUSL1	GBP4	0
PYDC5	GBP4	0.0719142577374504
PYHIN1	GBP4	0.0999553650251866
RAB27A	GBP4	0.0693764905613303
RAB37	GBP4	0.103056980693738
RAC2	GBP4	0.0624429353191974
RALY	GBP4	0
RASGRP3	GBP4	0.0951457947545853
RASSF5	GBP4	0.0982646889140421
RB1	GBP4	0.0110755299642291
RBM10	GBP4	0.0491928469088834
RBM43	GBP4	0.0687005032615077
RBPJ	GBP4	0
RCSD1	GBP4	0.142815094744359
RGS1	GBP4	0.0922028513146561
RGS18	GBP4	0.116531210978608
RHOH	GBP4	0.131763961670017
RIPK3	GBP4	0.0728106132908695
RIPOR2	GBP4	0.0939870243627241
RNASE2	GBP4	0.0192711522067291
RNASE6	GBP4	0.131137839318064
RSAD2	GBP4	0.0341758954788754
RTN4R	GBP4	0.0361301998710039
RUBCNL	GBP4	0.0572222418292408
RUVBL2	GBP4	0.0638496042119196
S100B	GBP4	0.0454708066797062
SAC3D1	GBP4	0
SAMD3	GBP4	0.0800283926703036
SAMD9L	GBP4	0.0653691321240874
SAMHD1	GBP4	0.109089088964721
SAMSN1	GBP4	0.11028935074369
SASH3	GBP4	0.135523959680824
SCIMP	GBP4	0.113860910607226
SCML4	GBP4	0.143067810268459
SDCBP	GBP4	0.0411386448616512
SELL	GBP4	0.110730146643269
SELPLG	GBP4	0.0929874519181877
SERPINA1	GBP4	0.00997440812815949
SERPINB8	GBP4	0.00582562621698177
SERPINB9	GBP4	0.075414461575418
SESN1	GBP4	0.100808273265421
SFMBT2	GBP4	0.105766198741285
SH2D1A	GBP4	0.157238856071618
SH3BGRL	GBP4	0.0762111240802586
SHE	GBP4	0.113663007750578
SIGLEC1	GBP4	0.0964676343568547
SIGLEC14	GBP4	0.0649993323119558
SIGLEC5	GBP4	0.0708029361458549
SIGLEC7	GBP4	0.0632668779293769
SIGLEC8	GBP4	0.0589268394651824
SIGLEC9	GBP4	0.0689992601672959
SIRPB2	GBP4	0.120422759662238
SIRPD	GBP4	0.0789145237270242
SIRPG	GBP4	0.0913915817259415
SIT1	GBP4	0.11267818570376
SLA	GBP4	0.144114558572714
SLAMF1	GBP4	0.132247094244654
SLAMF6	GBP4	0.157801253670605
SLAMF7	GBP4	0.123011794084605
SLAMF8	GBP4	0.101799236038443
SLC16A7	GBP4	0
SLC2A5	GBP4	0.0180202501524197
SLC2A9	GBP4	0.0446812092646586
SLC37A2	GBP4	0.0871586777539036
SLC7A7	GBP4	0.0572075124802704
SLC9A9	GBP4	0.133362464925505
SLCO2B1	GBP4	0.112027721998238
SLFN12L	GBP4	0.156557711558552
SLFN14	GBP4	0.0823205655458149
SLX9	GBP4	0.0472813221443478
SMAP2	GBP4	0.122062592357735
SMPD4	GBP4	0.0554646092589603
SNAP47	GBP4	0.00900049206434594
SNRPA	GBP4	0
SNX20	GBP4	0.148764393850831
SP100	GBP4	0.0459848461641637
SP140	GBP4	0.126376429528125
SPIC	GBP4	0.0611562910337146
SPINDOC	GBP4	0
SPN	GBP4	0.141021750232646
SPP1	GBP4	0.0265767996655716
SPRED1	GBP4	0
SQOR	GBP4	0.0323693253863337
SRGN	GBP4	0.0780254648602529
ST18	GBP4	0.0390097872744078
ST8SIA1	GBP4	0.0925609021290356
ST8SIA4	GBP4	0.0943059553553206
STAM2	GBP4	0
STAP1	GBP4	0.0692489678105661
STARD5	GBP4	0
STAT1	GBP4	0.0324150422935774
STAT2	GBP4	0.0509716820371803
STEAP4	GBP4	0
STK17B	GBP4	0.0593716120955287
STOM	GBP4	0.0930786131460137
STX11	GBP4	0.09714437697872
TAGAP	GBP4	0.126267104232314
TAGAP-AS1	GBP4	0.105913419442975
TAP1	GBP4	0.0337273003182611
TAP2	GBP4	0.0102927233771837
TASL	GBP4	0.124048236609078
TBX21	GBP4	0.118562109380371
TCF4	GBP4	0.0868387525955706
TENT5A	GBP4	0
TENT5C	GBP4	0.0944051291776258
TESPA1	GBP4	0.0885763697666213
TFEC	GBP4	0.124868048889222
TGFBR2	GBP4	0
THEMIS	GBP4	0.152224490356345
THOP1	GBP4	0.0456987123431952
TIFAB	GBP4	0.122570551765693
TIGIT	GBP4	0.136267310157945
TLR1	GBP4	0.05883130392945
TLR10	GBP4	0.0647764268133923
TLR2	GBP4	0.105462613225228
TLR3	GBP4	0.046755044376577
TLR4	GBP4	0.103975111791256
TLR6	GBP4	0.0614673002828758
TLR7	GBP4	0.055359323874323
TLR8	GBP4	0.0707850188261179
TMC8	GBP4	0.101213839353703
TMEM106A	GBP4	0.064755667169688
TMEM156	GBP4	0.0721858963131661
TMEM200A	GBP4	0.0422733102241716
TMEM201	GBP4	0.0502005946620504
TMIGD2	GBP4	0.0510639024634079
TMIGD3	GBP4	0.081178123121399
TMPO-AS1	GBP4	0.0304226911604615
TMUB1	GBP4	0.0427477688390192
TNFAIP8L2	GBP4	0.110335818990726
TNFRSF11A	GBP4	0.0640708151506651
TNFRSF17	GBP4	0.0711622565398499
TNFSF12-TNFSF13	GBP4	0.075334569256433
TNFSF13	GBP4	0.0719721190605602
TNFSF13B	GBP4	0.103440099753244
TNFSF14	GBP4	0.0590699791946317
TNFSF8	GBP4	0.13138739417972
TRAF1	GBP4	0.110720044926298
TRAF3IP3	GBP4	0.108589839638
TRAJ15	GBP4	0.0629673013091785
TRAT1	GBP4	0.134827171172139
TREM2	GBP4	0.0490696831883722
TRGC2	GBP4	0.0716291178487288
TRGV7	GBP4	0.061704165634287
TRIM14	GBP4	0.0375820735586689
TRIM21	GBP4	0.0648791131614182
TRIM22	GBP4	0.104856580432714
TRIM28	GBP4	0.0522127244874645
TRIM34	GBP4	0.0753269844003793
TRIM6-TRIM34	GBP4	0.0628833933626303
TRIM69	GBP4	0.0704016258271752
TXNIP	GBP4	0.0897491076636982
TYROBP	GBP4	0.10300773568794
UBD	GBP4	0.0837044020068487
UBE2J2	GBP4	0.0516565455938108
UBE2L6	GBP4	0.0522172184098052
UBE2S	GBP4	0.0574343266885628
VNN1	GBP4	0.0373522857609467
VNN2	GBP4	0.0868426247679671
VSIG4	GBP4	0.0929873732977377
VWA5A	GBP4	0.0761944519771064
WARS1	GBP4	0.00010557975894183
WASHC4	GBP4	0.0362004391646818
WIPF1	GBP4	0.110456087796223
WRAP73	GBP4	0
XAF1	GBP4	0.0742025153316314
XRCC3	GBP4	0.0177844398421835
YDJC	GBP4	0.0569504506669474
ZAP70	GBP4	0.107033326315814
ZC3H12D	GBP4	0.121295763256424
ZFPL1	GBP4	0.0698191809239949
ZNF282	GBP4	0.032692877729641
ZNF366	GBP4	0.117375562763063
ZNF408	GBP4	0.0435853725254027
ZNF438	GBP4	0.0758036350646802
ZNF593	GBP4	0.0343289495469983
ZNF768	GBP4	0.0440267302112112
ZNF80	GBP4	0.0697628390642776
ZNF831	GBP4	0.134338364612658
