From	To	Weight
ADD3-AS1	CLK2	0.298096786839341
AFG3L1P	CLK2	0.405484459227819
ANXA2R-OT1	CLK2	0.40008125513569
ARRDC1-AS1	CLK2	0.344548712326176
ATP2B1-AS1	CLK2	0.38088131575604
B3GALT9	CLK2	0.414438716205738
BAIAP2-DT	CLK2	0.408082816629302
BAZ2B-AS1	CLK2	0.422446439437533
C19orf25	CLK2	0.207722983250935
CCAR1	CLK2	0.258382212579194
CD63-AS1	CLK2	0.390999110766094
CENPBD2P	CLK2	0.36124467755596
CERS6-AS1	CLK2	0.428087383861112
CHASERR	CLK2	0.436186713681858
CHD1-DT	CLK2	0.239850642837578
CHROMR	CLK2	0.434388039673422
CLK2	CLN8-AS1	0.370021188478551
CLK2	COX10-DT	0.408581736904634
CLK2	CTBP1-DT	0.411900695013907
CLK2	CUTALP	0.423642175328057
CLK2	DEXI	0.325149350174266
CLK2	DKFZP586I1420	0.432334226784825
CLK2	EBLN3P	0.449082526485038
CLK2	ELOA-AS1	0.440589104322461
CLK2	ERVK13-1	0.38832300475245
ADD3-AS1	ESYT3	0.331233131816675
AFG3L1P	ESYT3	0.350852604877817
ANXA2R-OT1	ESYT3	0.346831612564528
ARRDC1-AS1	ESYT3	0.318255265002901
ATP2B1-AS1	ESYT3	0.347197865808549
B3GALT9	ESYT3	0.275198929482927
BAIAP2-DT	ESYT3	0.351894225566289
BAZ2B-AS1	ESYT3	0.326895950755491
C19orf25	ESYT3	0.220845477262398
CCAR1	ESYT3	0.292733490987839
CD63-AS1	ESYT3	0.34791382909677
CENPBD2P	ESYT3	0.34506387627369
CERS6-AS1	ESYT3	0.29620435275383
CHASERR	ESYT3	0.304446504772238
CHD1-DT	ESYT3	0.273029086028284
CHROMR	ESYT3	0.319846491322578
CLK2	ESYT3	0.213787519024345
CLN8-AS1	ESYT3	0.35091372765099
COX10-DT	ESYT3	0.355899742487377
CTBP1-DT	ESYT3	0.347260590573706
CUTALP	ESYT3	0.339649235044087
DEXI	ESYT3	0.331493904927546
DKFZP586I1420	ESYT3	0.333428569487778
EBLN3P	ESYT3	0.324393067338968
ELOA-AS1	ESYT3	0.317931019716256
ERVK13-1	ESYT3	0.348761857951402
CLK2	FAM13B-AS1	0.341435077523381
ESYT3	FAM13B-AS1	0.333348469601244
CLK2	FAM219B	0.413667044561673
ESYT3	FAM219B	0.349244929221783
CLK2	FCF1P2	0.422692492012217
ESYT3	FCF1P2	0.285547258475352
CLK2	FGD5-AS1	0.446952158030821
ESYT3	FGD5-AS1	0.340112280162431
CLK2	FLJ20021	0.365152605374083
ESYT3	FLJ20021	0.353354741174015
CLK2	GABPB1-IT1	0.441179367399158
ESYT3	GABPB1-IT1	0.349414631151471
CLK2	GARS1-DT	0.426206742738791
ESYT3	GARS1-DT	0.350952829066577
CLK2	GATD1-DT	0.262169890627148
ESYT3	GATD1-DT	0.293330667993224
CLK2	GNRHR2	0.34951027461232
ESYT3	GNRHR2	0.317020266909097
CLK2	GTF2IRD1P1	0.424855830084449
ESYT3	GTF2IRD1P1	0.316923235945244
CLK2	HAPSTR1	0.419231923850258
ESYT3	HAPSTR1	0.294181659553521
CLK2	HCG18	0.443090246113553
ESYT3	HCG18	0.328557130488856
ADD3-AS1	HCN3	0.256918356198334
AFG3L1P	HCN3	0.349897541126977
ANXA2R-OT1	HCN3	0.348256760432422
ARRDC1-AS1	HCN3	0.282053863783216
ATP2B1-AS1	HCN3	0.344462685409576
B3GALT9	HCN3	0.386804764322687
BAIAP2-DT	HCN3	0.360123902899469
BAZ2B-AS1	HCN3	0.382868814536211
C19orf25	HCN3	0.120350791780062
CCAR1	HCN3	0.218364636468216
CD63-AS1	HCN3	0.342206987684881
CENPBD2P	HCN3	0.309067437199345
CERS6-AS1	HCN3	0.390411446218937
CHASERR	HCN3	0.397135595348146
CHD1-DT	HCN3	0.193719464898096
CHROMR	HCN3	0.399706801031737
CLK2	HCN3	0.309888393547833
CLN8-AS1	HCN3	0.340457241332976
COX10-DT	HCN3	0.353070918935136
CTBP1-DT	HCN3	0.364022797379508
CUTALP	HCN3	0.376036333626938
DEXI	HCN3	0.282809500648262
DKFZP586I1420	HCN3	0.391428040058585
EBLN3P	HCN3	0.400681947601136
ELOA-AS1	HCN3	0.398572159986442
ERVK13-1	HCN3	0.334120363421049
FAM13B-AS1	HCN3	0.286286601702009
FAM219B	HCN3	0.371975293946982
FCF1P2	HCN3	0.387160005765263
FGD5-AS1	HCN3	0.404687592957006
FLJ20021	HCN3	0.329570615086357
GABPB1-IT1	HCN3	0.395200247825462
GARS1-DT	HCN3	0.385609251551714
GATD1-DT	HCN3	0.208489617374083
GNRHR2	HCN3	0.29342772770599
GTF2IRD1P1	HCN3	0.390450772634903
HAPSTR1	HCN3	0.389859712762844
HCG18	HCN3	0.390003884218503
CLK2	HEIH	0.398205279405056
ESYT3	HEIH	0.346110307482407
HCN3	HEIH	0.354878389716043
CLK2	HERPUD2-AS1	0.431063493008732
ESYT3	HERPUD2-AS1	0.297448140905986
HCN3	HERPUD2-AS1	0.392043745650787
ADD3-AS1	ID4	0.272664428484232
AFG3L1P	ID4	0.400261997716713
ANXA2R-OT1	ID4	0.386417339035141
ARRDC1-AS1	ID4	0.327996822574322
ATP2B1-AS1	ID4	0.361718471429034
B3GALT9	ID4	0.402458278410854
BAIAP2-DT	ID4	0.384588882820371
BAZ2B-AS1	ID4	0.419313108361274
C19orf25	ID4	0.128556571400118
CCAR1	ID4	0.236482745511745
CD63-AS1	ID4	0.372215233706858
CENPBD2P	ID4	0.326997915468121
CERS6-AS1	ID4	0.413245512453591
CHASERR	ID4	0.4208205001019
CHD1-DT	ID4	0.219197014125186
CHROMR	ID4	0.429747652868446
CLK2	ID4	0.270385200763096
CLN8-AS1	ID4	0.342589058391953
COX10-DT	ID4	0.391472507170031
CTBP1-DT	ID4	0.399251272536043
CUTALP	ID4	0.419952561240148
DEXI	ID4	0.30930405412164
DKFZP586I1420	ID4	0.424820393288549
EBLN3P	ID4	0.432741862883477
ELOA-AS1	ID4	0.420703722447016
ERVK13-1	ID4	0.385940838729652
ESYT3	ID4	0.101229023787582
FAM13B-AS1	ID4	0.32703546180472
FAM219B	ID4	0.390437660017846
FCF1P2	ID4	0.404415634653914
FGD5-AS1	ID4	0.420485257299813
FLJ20021	ID4	0.34064197445859
GABPB1-IT1	ID4	0.428719650305538
GARS1-DT	ID4	0.423834799191257
GATD1-DT	ID4	0.252199283109134
GNRHR2	ID4	0.329530549515141
GTF2IRD1P1	ID4	0.392229374244943
HAPSTR1	ID4	0.40026587563542
HCG18	ID4	0.432957702090571
HCN3	ID4	0.148181991062802
HEIH	ID4	0.389170857249659
HERPUD2-AS1	ID4	0.41440684102765
CLK2	JPX	0.402540789402654
ESYT3	JPX	0.354569549947177
HCN3	JPX	0.350435505840618
ID4	JPX	0.379564933458179
CLK2	KMT2E-AS1	0.420227387170238
ESYT3	KMT2E-AS1	0.334554211223763
HCN3	KMT2E-AS1	0.363694716486541
ID4	KMT2E-AS1	0.426412455880811
CLK2	LIMD1-AS1	0.432666537024833
ESYT3	LIMD1-AS1	0.3370151859548
HCN3	LIMD1-AS1	0.381808811601762
ID4	LIMD1-AS1	0.40901598073685
CLK2	MAP3K2-DT	0.355565514811441
ESYT3	MAP3K2-DT	0.328847459737264
HCN3	MAP3K2-DT	0.305436870462532
ID4	MAP3K2-DT	0.336531753361377
CLK2	MIATNB	0.392978144211968
ESYT3	MIATNB	0.350025327562012
HCN3	MIATNB	0.352840883732943
ID4	MIATNB	0.382186160256418
CLK2	MIR10393	0.436938888651392
ESYT3	MIR10393	0.336544882741784
HCN3	MIR10393	0.405025200887899
ID4	MIR10393	0.410473688222615
CLK2	MIR4800	0.320673028710203
ESYT3	MIR4800	0.331978434336707
HCN3	MIR4800	0.276736439102003
ID4	MIR4800	0.297971972346851
CLK2	NIPBL-DT	0.433826030656362
ESYT3	NIPBL-DT	0.330691937698607
HCN3	NIPBL-DT	0.379881044217875
ID4	NIPBL-DT	0.423208907713392
CLK2	NORAD	0.447152246642699
ESYT3	NORAD	0.347660620709642
HCN3	NORAD	0.398675353469867
ID4	NORAD	0.425801557361676
CLK2	OIP5-AS1	0.446858873753214
ESYT3	OIP5-AS1	0.34172884799003
HCN3	OIP5-AS1	0.408382216993171
ID4	OIP5-AS1	0.421127510934922
CLK2	OTUD6B-AS1	0.430906439827033
ESYT3	OTUD6B-AS1	0.286655662910871
HCN3	OTUD6B-AS1	0.400436745318044
ID4	OTUD6B-AS1	0.408141563949749
CLK2	PHETA1	0.238436968310562
ESYT3	PHETA1	0.265669823796286
HCN3	PHETA1	0.189733531824804
ID4	PHETA1	0.199501555910361
CLK2	PNISR-AS1	0.417192578256091
ESYT3	PNISR-AS1	0.29615054269817
HCN3	PNISR-AS1	0.363811556429937
ID4	PNISR-AS1	0.420548642136392
CLK2	PNN	0.275115040733189
ESYT3	PNN	0.288141499612974
HCN3	PNN	0.234250777333902
ID4	PNN	0.240778894723912
CLK2	POLR1HASP	0.404024670745737
ESYT3	POLR1HASP	0.29327061279933
HCN3	POLR1HASP	0.350586842770499
ID4	POLR1HASP	0.418093283145351
CLK2	PPP4R1L	0.432327802775726
ESYT3	PPP4R1L	0.33951067550275
HCN3	PPP4R1L	0.385386441587109
ID4	PPP4R1L	0.419693169425317
CLK2	PSMA3-AS1	0.449480092100872
ESYT3	PSMA3-AS1	0.348162183792625
HCN3	PSMA3-AS1	0.404466866138713
ID4	PSMA3-AS1	0.440485485595699
CLK2	PSMG3-AS1	0.37237387373835
ESYT3	PSMG3-AS1	0.350915982271075
HCN3	PSMG3-AS1	0.327843562307092
ID4	PSMG3-AS1	0.353118411841486
CLK2	RBM12B-AS1	0.42236628897413
ESYT3	RBM12B-AS1	0.303572870380424
HCN3	RBM12B-AS1	0.368668774535097
ID4	RBM12B-AS1	0.417575220515749
CLK2	RBM25-AS1	0.395289816631645
ESYT3	RBM25-AS1	0.354841264619549
HCN3	RBM25-AS1	0.338896805488714
ID4	RBM25-AS1	0.381725803246948
CLK2	RIPK2-DT	0.429639163830173
ESYT3	RIPK2-DT	0.310510125397133
HCN3	RIPK2-DT	0.381490565591957
ID4	RIPK2-DT	0.417676413587164
CLK2	RN7SK	0.42422488805687
ESYT3	RN7SK	0.348293035347169
HCN3	RN7SK	0.366835972825349
ID4	RN7SK	0.406473681578879
CLK2	RN7SL1	0.418284375014623
ESYT3	RN7SL1	0.362401611653716
HCN3	RN7SL1	0.364335730871191
ID4	RN7SL1	0.393952930560916
CLK2	RN7SL2	0.397281389368571
ESYT3	RN7SL2	0.363585693239868
HCN3	RN7SL2	0.343063772424875
ID4	RN7SL2	0.373637810334815
CLK2	RN7SL3	0.397742499018045
ESYT3	RN7SL3	0.361189412209562
HCN3	RN7SL3	0.345263716763692
ID4	RN7SL3	0.374156492185928
CLK2	RNF185	0.265462289899897
ESYT3	RNF185	0.295382564299304
HCN3	RNF185	0.225166250026791
ID4	RNF185	0.238093559674445
CLK2	SCAND2P	0.425414625023346
ESYT3	SCAND2P	0.352180104178887
HCN3	SCAND2P	0.372573813003043
ID4	SCAND2P	0.411016709962974
CLK2	SCARNA12	0.316479489952063
ESYT3	SCARNA12	0.308219547785522
HCN3	SCARNA12	0.257173242358213
ID4	SCARNA12	0.295665626921111
CLK2	SCARNA13	0.419231517373991
ESYT3	SCARNA13	0.347572575764931
HCN3	SCARNA13	0.364210589059353
ID4	SCARNA13	0.402180847588311
CLK2	SCARNA17	0.344300372737211
ESYT3	SCARNA17	0.345345465595486
HCN3	SCARNA17	0.297644912169865
ID4	SCARNA17	0.334640861656315
CLK2	SCARNA2	0.369513100125502
ESYT3	SCARNA2	0.336608372900151
HCN3	SCARNA2	0.311911805312073
ID4	SCARNA2	0.354360012067
CLK2	SCARNA21	0.353805035530443
ESYT3	SCARNA21	0.33574059107985
HCN3	SCARNA21	0.303222215290707
ID4	SCARNA21	0.328864272164924
CLK2	SLC12A2-DT	0.429840498382902
ESYT3	SLC12A2-DT	0.303865873619954
HCN3	SLC12A2-DT	0.390455528257568
ID4	SLC12A2-DT	0.422453518766186
CLK2	SLC30A4-AS1	0.420231344413527
ESYT3	SLC30A4-AS1	0.299950087852121
HCN3	SLC30A4-AS1	0.389062997061032
ID4	SLC30A4-AS1	0.39342781402313
CLK2	SMIM15-AS1	0.29330544750833
ESYT3	SMIM15-AS1	0.290563129920082
HCN3	SMIM15-AS1	0.242454692420418
ID4	SMIM15-AS1	0.261790436416087
CLK2	SNHG1	0.430247856751642
ESYT3	SNHG1	0.306447900069554
HCN3	SNHG1	0.373104685236329
ID4	SNHG1	0.418764477184102
CLK2	SNHG10	0.421357211417433
ESYT3	SNHG10	0.347881809184166
HCN3	SNHG10	0.365697130382085
ID4	SNHG10	0.404678594023696
CLK2	SNHG25	0.29619198575293
ESYT3	SNHG25	0.293630145310336
HCN3	SNHG25	0.237744547243172
ID4	SNHG25	0.281445322725328
CLK2	SNHG29	0.438986469161167
ESYT3	SNHG29	0.328077058050012
HCN3	SNHG29	0.3888212293601
ID4	SNHG29	0.416921425923854
CLK2	STARD7-AS1	0.307962952670689
ESYT3	STARD7-AS1	0.292580295877042
HCN3	STARD7-AS1	0.245613157617279
ID4	STARD7-AS1	0.287627024538779
CLK2	STIM1-AS1	0.219805537301807
ESYT3	STIM1-AS1	0.273880274295477
HCN3	STIM1-AS1	0.166121374602935
ID4	STIM1-AS1	0.180984147233897
CLK2	TAF1L	0.327433724634402
ESYT3	TAF1L	0.318760052579632
HCN3	TAF1L	0.276206912226312
ID4	TAF1L	0.300528617495308
CLK2	THADA	0.291970349490901
ESYT3	THADA	0.304915519821025
HCN3	THADA	0.245123987036176
ID4	THADA	0.261003771431972
CLK2	THUMPD3-AS1	0.441160237569595
ESYT3	THUMPD3-AS1	0.313584051363317
HCN3	THUMPD3-AS1	0.389878385768543
ID4	THUMPD3-AS1	0.422626828375133
CLK2	TIRAP-AS1	0.416714417065406
ESYT3	TIRAP-AS1	0.318906074775348
HCN3	TIRAP-AS1	0.377963477532442
ID4	TIRAP-AS1	0.41885522909892
CLK2	TMEM250	0.261913147140522
ESYT3	TMEM250	0.283650181006558
HCN3	TMEM250	0.21431456287817
ID4	TMEM250	0.231975465110231
ADD3-AS1	TMUB2	0.309487114726505
AFG3L1P	TMUB2	0.270564469121499
ANXA2R-OT1	TMUB2	0.265040019079286
ARRDC1-AS1	TMUB2	0.304013288558219
ATP2B1-AS1	TMUB2	0.266718059683921
B3GALT9	TMUB2	0.160068369677785
BAIAP2-DT	TMUB2	0.279547325995732
BAZ2B-AS1	TMUB2	0.217568778403134
C19orf25	TMUB2	0.301251166886813
CCAR1	TMUB2	0.30824072523263
CD63-AS1	TMUB2	0.285671381094072
CENPBD2P	TMUB2	0.307196779181808
CERS6-AS1	TMUB2	0.186941547371151
CHASERR	TMUB2	0.188191091368488
CHD1-DT	TMUB2	0.294752950056168
CHROMR	TMUB2	0.194155386098395
CLK2	TMUB2	0.123121695181765
CLN8-AS1	TMUB2	0.266385108251259
COX10-DT	TMUB2	0.283162151051236
CTBP1-DT	TMUB2	0.259052909816042
CUTALP	TMUB2	0.234670206261945
DEXI	TMUB2	0.29676682115905
DKFZP586I1420	TMUB2	0.212701874518841
EBLN3P	TMUB2	0.221721699718138
ELOA-AS1	TMUB2	0.204240990216791
ERVK13-1	TMUB2	0.269796589040922
FAM13B-AS1	TMUB2	0.295681578796067
FAM219B	TMUB2	0.255054872880301
FCF1P2	TMUB2	0.169760767010521
FGD5-AS1	TMUB2	0.235677293101168
FLJ20021	TMUB2	0.284738403399276
GABPB1-IT1	TMUB2	0.243096565668082
GARS1-DT	TMUB2	0.229878638796336
GATD1-DT	TMUB2	0.297699293815221
GNRHR2	TMUB2	0.293774729129926
GTF2IRD1P1	TMUB2	0.214109818751862
HAPSTR1	TMUB2	0.176135304403351
HCG18	TMUB2	0.228238111284756
HEIH	TMUB2	0.261497394651291
HERPUD2-AS1	TMUB2	0.193775298527695
JPX	TMUB2	0.278590064690513
KMT2E-AS1	TMUB2	0.238319843269147
LIMD1-AS1	TMUB2	0.233841471727776
MAP3K2-DT	TMUB2	0.293328473566787
MIATNB	TMUB2	0.24657849980982
MIR10393	TMUB2	0.215147132003206
MIR4800	TMUB2	0.315651236662601
NIPBL-DT	TMUB2	0.229886597214093
NORAD	TMUB2	0.251398057233788
OIP5-AS1	TMUB2	0.227044213829144
OTUD6B-AS1	TMUB2	0.175038816996961
PHETA1	TMUB2	0.291331172051169
PNISR-AS1	TMUB2	0.196055571510874
PNN	TMUB2	0.302930620136377
POLR1HASP	TMUB2	0.195035108685729
PPP4R1L	TMUB2	0.237125345281359
PSMA3-AS1	TMUB2	0.229792057718464
PSMG3-AS1	TMUB2	0.280281711556668
RBM12B-AS1	TMUB2	0.214252193566945
RBM25-AS1	TMUB2	0.285874797659489
RIPK2-DT	TMUB2	0.217778429253762
RN7SK	TMUB2	0.273688174947036
RN7SL1	TMUB2	0.290654288137792
RN7SL2	TMUB2	0.307527402992139
RN7SL3	TMUB2	0.300791775396938
RNF185	TMUB2	0.30484389271956
SCAND2P	TMUB2	0.254933224450588
SCARNA12	TMUB2	0.31123348213837
SCARNA13	TMUB2	0.275330105852384
SCARNA17	TMUB2	0.29332131860157
SCARNA2	TMUB2	0.303754687750181
SCARNA21	TMUB2	0.30691218930767
SLC12A2-DT	TMUB2	0.186731674367694
SLC30A4-AS1	TMUB2	0.186041879568803
SMIM15-AS1	TMUB2	0.296003093843691
SNHG1	TMUB2	0.216539974886075
SNHG10	TMUB2	0.274182331903225
SNHG25	TMUB2	0.299954275196108
SNHG29	TMUB2	0.234234569730677
STARD7-AS1	TMUB2	0.296870819348467
STIM1-AS1	TMUB2	0.297807371267014
TAF1L	TMUB2	0.298896929838892
THADA	TMUB2	0.292058086251461
THUMPD3-AS1	TMUB2	0.215121689060743
TIRAP-AS1	TMUB2	0.198291246376776
TMEM250	TMUB2	0.313212340049729
CLK2	TP73-AS1	0.430260589317494
ESYT3	TP73-AS1	0.351535123487965
HCN3	TP73-AS1	0.37463447711803
ID4	TP73-AS1	0.415301547351738
TMUB2	TP73-AS1	0.26502361875508
CLK2	TRAF3IP2-AS1	0.423797476262278
ESYT3	TRAF3IP2-AS1	0.335069689101699
HCN3	TRAF3IP2-AS1	0.373185585807661
ID4	TRAF3IP2-AS1	0.41928356483311
TMUB2	TRAF3IP2-AS1	0.238734134977017
CLK2	TUG1	0.44628955669625
ESYT3	TUG1	0.320234097324354
HCN3	TUG1	0.401890562476414
ID4	TUG1	0.429768690848441
TMUB2	TUG1	0.212323093320423
CLK2	UBA6-DT	0.435434383998081
ESYT3	UBA6-DT	0.317653270033453
HCN3	UBA6-DT	0.389403583974106
ID4	UBA6-DT	0.41335560807778
TMUB2	UBA6-DT	0.224807491462383
CLK2	VASH1-AS1	0.404821844933662
ESYT3	VASH1-AS1	0.365351116050689
HCN3	VASH1-AS1	0.361927875583969
ID4	VASH1-AS1	0.394415389612024
TMUB2	VASH1-AS1	0.268332549656548
CLK2	WAC-AS1	0.440006584012514
ESYT3	WAC-AS1	0.312217730610127
HCN3	WAC-AS1	0.401001950014454
ID4	WAC-AS1	0.425817302883065
TMUB2	WAC-AS1	0.207055388840624
CLK2	YWHAEP1	0.226539860026291
ESYT3	YWHAEP1	0.283617825374328
HCN3	YWHAEP1	0.184762789621481
ID4	YWHAEP1	0.214993367076918
TMUB2	YWHAEP1	0.291874126666907
CLK2	ZC3H11B	0.258823548994424
ESYT3	ZC3H11B	0.289721952575894
HCN3	ZC3H11B	0.211544394430344
ID4	ZC3H11B	0.236379113730826
TMUB2	ZC3H11B	0.306565400386422
CLK2	ZFAS1	0.43178406961741
ESYT3	ZFAS1	0.313830815103802
HCN3	ZFAS1	0.385290147170096
ID4	ZFAS1	0.406826292816547
TMUB2	ZFAS1	0.220903414644961
CLK2	ZNF271P	0.430198615097368
ESYT3	ZNF271P	0.305066027128214
HCN3	ZNF271P	0.388339549282302
ID4	ZNF271P	0.415449663153341
TMUB2	ZNF271P	0.190247433851084
CLK2	ZNF45-AS1	0.430704255871861
ESYT3	ZNF45-AS1	0.342108759440637
HCN3	ZNF45-AS1	0.382186237788235
ID4	ZNF45-AS1	0.413128338644493
TMUB2	ZNF45-AS1	0.236960306005014
CLK2	ZNF542P	0.437086857568675
ESYT3	ZNF542P	0.333331718053396
HCN3	ZNF542P	0.399597198958164
ID4	ZNF542P	0.413173839836938
TMUB2	ZNF542P	0.21643253603563
CLK2	ZNF561-AS1	0.411066985505496
ESYT3	ZNF561-AS1	0.288973820644349
HCN3	ZNF561-AS1	0.386966442260487
ID4	ZNF561-AS1	0.402665757491516
TMUB2	ZNF561-AS1	0.173160628109031
CLK2	ZNF818P	0.438896102225211
ESYT3	ZNF818P	0.346366256992296
HCN3	ZNF818P	0.395140554517395
ID4	ZNF818P	0.420739728221184
TMUB2	ZNF818P	0.234977203778608
CLK2	ZNF892	0.424478458946098
ESYT3	ZNF892	0.280315280392753
HCN3	ZNF892	0.378512563116914
ID4	ZNF892	0.422353422140538
TMUB2	ZNF892	0.170787861904091
ABCB8	AMOTL2	0.178505109043666
ACAP3	AMOTL2	0.156491543668333
ACTR6	AMOTL2	0.105140515950305
ALDH16A1	AMOTL2	0.167150737856444
AMIGO3	AMOTL2	0.137220135361514
AMOTL2	ANAPC2	0.127395159091557
AMOTL2	AP5Z1	0.190433029723937
AMOTL2	APBA3	0.180887561249512
AMOTL2	API5	0.145525761868867
AMOTL2	ATAD3B	0.161921806950719
AMOTL2	AURKAIP1	0.131833926519989
AMOTL2	BBLN	0.155402008055875
AMOTL2	BCAR1	0.182694723876757
AMOTL2	BROX	0.114096896023337
AMOTL2	C1orf159	0.157306404159535
AMOTL2	CACTIN	0.181981986907173
AMOTL2	CACTIN-AS1	0.184255152929268
AMOTL2	CAPN15	0.184130625675682
AMOTL2	CBX3	0.111282414261773
AMOTL2	CCDC9	0.146690962388487
ANKRD44	CD40	0.173374949017501
AOAH	CD40	0.168973506273732
BIN2	CD40	0.159501259654258
C3AR1	CD40	0.119080521490097
CCL5	CD40	0.176479160529287
CCR1	CD40	0.118341604759243
CCR2	CD40	0.16006970772306
CCR5	CD40	0.160167551864591
CD226	CD40	0.115442887679722
CD300A	CD40	0.128062852606715
CD3D	CD40	0.174296455870926
CD3G	CD40	0.162444700381854
CD4	CD40	0.137443698820816
CD40	CD48	0.16755084433148
CD40	CD53	0.1581981560135
CD40	CD84	0.13079759289539
CD40	CD86	0.128592716709172
AMOTL2	CDK10	0.142019201176502
ALDH16A1	CDKL2	0.109070653043707
ANKRD12	CDKL2	0.107717580639792
AURKAIP1	CDKL2	0.108545148227032
BBLN	CDKL2	0.107996731494857
BRMS1	CDKL2	0.1193377613495
CAPN15	CDKL2	0.101546980467332
CARF	CDKL2	0.111509023191098
CCDC171	CDKL2	0.107380341685717
CD40	CEACAM21	0.167354456928239
CD40	CLEC1A	0.106269529701652
CD40	CLEC7A	0.120051855745757
CD40	CMKLR1	0.128657309156239
AMOTL2	CROCC	0.150941756514389
CD40	CSF2RB	0.163193443200961
AMOTL2	CSNK1G2	0.197400380590098
CDKL2	CSNK1G2	0.109314255913892
AMOTL2	CTBP1-AS	0.180473158179794
ANKRD44	CTSS	0.180758716433868
AOAH	CTSS	0.268080329261139
BIN2	CTSS	0.242791106310456
C3AR1	CTSS	0.260090024702899
CCL18	CTSS	0.259774713018998
CCL5	CTSS	0.242416664231514
CCR1	CTSS	0.262223705427056
CCR2	CTSS	0.22472604129101
CCR5	CTSS	0.265870796938216
CD226	CTSS	0.172833162622731
CD300A	CTSS	0.267572017590219
CD300LF	CTSS	0.262614067682532
CD3D	CTSS	0.217426841545817
CD3G	CTSS	0.206590944145697
CD4	CTSS	0.261019383316434
CD40	CTSS	0.118982799111696
CD48	CTSS	0.260098193247593
CD53	CTSS	0.272156538898595
CD84	CTSS	0.255435626786808
CD86	CTSS	0.258292796991162
CEACAM21	CTSS	0.21201701530447
CLEC7A	CTSS	0.263943873862732
CMKLR1	CTSS	0.236877123688069
CPVL	CTSS	0.259464931339914
CSF2RB	CTSS	0.236523235279172
AMOTL2	CYBA	0.124747032376446
CDKL2	CYBA	0.116128948872809
CD40	CYTH4	0.16863908167814
CTSS	CYTH4	0.241701538272611
CD40	CYTIP	0.172616631473535
CTSS	CYTIP	0.235074810412245
ABCB8	DDX11	0.11935995878929
ALDH16A1	DDX11	0.150387985206127
AP3S1	DDX11	0.10040770914383
AP5Z1	DDX11	0.133362598050847
APBA3	DDX11	0.135346673526485
ATAD3B	DDX11	0.143080910690774
AURKAIP1	DDX11	0.13241548470759
BBLN	DDX11	0.14552167030804
C1orf159	DDX11	0.134971381965425
CACTIN	DDX11	0.117090496855853
CACTIN-AS1	DDX11	0.112625901878948
CAPN15	DDX11	0.148855160122931
CROCC	DDX11	0.101336985172246
CSNK1G2	DDX11	0.140033133300011
CTBP1-AS	DDX11	0.11427645602091
CYBA	DDX11	0.112802158459573
CDKL2	DDX49	0.109516164764963
DDX11	DDX49	0.110747869953654
AMOTL2	DGKQ	0.180014546156052
DDX11	DGKQ	0.113965235796013
AMOTL2	DGKZ	0.173996044936248
DDX11	DGKZ	0.104725875175534
CD40	DOK2	0.163452149337654
CTSS	DOK2	0.247133821465082
AMOTL2	DUS3L	0.167978814914684
DDX11	DUS3L	0.133383030417997
AMOTL2	E4F1	0.189834852487101
DDX11	E4F1	0.150068027757655
AMOTL2	ECHDC1	0.106583688408412
AMOTL2	ECI1	0.1251644356046
DDX11	ECI1	0.133546207171854
ABCA10	EGR1	0.165083839261746
ABCA6	EGR1	0.113735855474382
ABCA8	EGR1	0.125482592089653
ABCA9	EGR1	0.146231428035143
ABCA9-AS1	EGR1	0.146450510027985
ABI3BP	EGR1	0.149473978540331
AMELX	EGR1	0.134125594313747
ARHGAP10	EGR1	0.129050071587193
ARMCX4	EGR1	0.153125112885973
C7	EGR1	0.132641116794364
CD34	EGR1	0.119132866753274
COL14A1	EGR1	0.124849463265736
CPED1	EGR1	0.118534747151624
DLG2	EGR1	0.134085285666318
DRICH1	EGR1	0.102961262044962
ECM2	EGR1	0.124258557065813
EEF1AKMT4	EGR1	0.106234009830954
EGR1	EME1	0.146818730811823
AMOTL2	EML3	0.116762817793026
ABCA10	ENO1	0.170511113342423
ABCA6	ENO1	0.138521788104039
ABCA8	ENO1	0.144031459849762
ABCA9	ENO1	0.15498557919476
ABCA9-AS1	ENO1	0.158531552338839
ABI3BP	ENO1	0.162870555846176
AMELX	ENO1	0.166680696365849
ANKRD12	ENO1	0.116713884257985
ARHGAP10	ENO1	0.139974375770324
ARMCX4	ENO1	0.168538800439137
ASTN2	ENO1	0.164047440687778
BUB1	ENO1	0.102636561522485
C7	ENO1	0.155893714006222
CARF	ENO1	0.119954401667628
CBX3	ENO1	0.112943301514989
CCDC171	ENO1	0.130320564384411
CCNB2	ENO1	0.108185465571198
CD34	ENO1	0.150667435697247
CEP55	ENO1	0.119457609697624
CLEC1A	ENO1	0.13068973762203
COL14A1	ENO1	0.151898065857986
CPED1	ENO1	0.143529862955051
CSMD1	ENO1	0.163443383835743
DEPDC1	ENO1	0.115840099924978
DLG2	ENO1	0.160706220745944
DLGAP5	ENO1	0.122796762534786
DRICH1	ENO1	0.164601943290713
ECM2	ENO1	0.146304915877926
ECT2	ENO1	0.100699744885096
EEF1AKMT4	ENO1	0.132633658933912
EGR1	ENO1	0.153496007223597
EME1	ENO1	0.152289097244491
EML3	ENO1	0.100216171510695
EGR1	ERG	0.146403954022067
ENO1	ERG	0.161008742016306
ENO1	EXO1	0.104377301464653
EGR1	EZH1	0.158766879705293
ENO1	EZH1	0.171548193542989
EGR1	F8	0.106889341230635
ENO1	F8	0.134931243792264
AMOTL2	FAAP100	0.178164139182396
DDX11	FAAP100	0.132172680434435
EGR1	FAM136A	0.156372708669668
ENO1	FAM136A	0.147069752445431
EGR1	FAM13C	0.151956723428463
ENO1	FAM13C	0.175346518354964
AMOTL2	FAM193B	0.124148264563644
CD40	FAM78A	0.170511750185735
CTSS	FAM78A	0.240541849435719
ENO1	FANCI	0.100721349717474
AMOTL2	FASTK	0.160122606134297
DDX11	FASTK	0.137359720754183
AMOTL2	FBXL14	0.102307802761045
DDX11	FBXL14	0.135454004977121
AMOTL2	FBXW5	0.191002584552469
DDX11	FBXW5	0.125837587017499
CD40	FCGR2B	0.113173614408315
CTSS	FCGR2B	0.250347119416926
EGR1	FEN1	0.147041796225542
ENO1	FEN1	0.165201265008223
CD40	FERMT3	0.124693727376138
CTSS	FERMT3	0.189637186863817
CD40	FGD2	0.134523631135807
CTSS	FGD2	0.196315705640032
CDKL2	GAB1	0.102146588606288
EGR1	GAB1	0.122564870137796
ENO1	GAB1	0.144977789997666
ANKRD44	GBP4	0.142033681349455
AOAH	GBP4	0.142158756451264
BIN2	GBP4	0.122877523540219
C3AR1	GBP4	0.10737168331673
CCL5	GBP4	0.144533408265032
CCR1	GBP4	0.10689676719242
CCR2	GBP4	0.146485123864662
CCR5	GBP4	0.143133316046198
CD226	GBP4	0.113558846665904
CD300A	GBP4	0.106145437935961
CD3D	GBP4	0.136650455012322
CD3G	GBP4	0.138425929298986
CD4	GBP4	0.108856869541075
CD48	GBP4	0.138463679259743
CD53	GBP4	0.135383657474693
CD84	GBP4	0.124576737586531
CD86	GBP4	0.119194536530227
CEACAM21	GBP4	0.143261248498395
CLEC1A	GBP4	0.113075759335777
CLEC7A	GBP4	0.108336682927867
CMKLR1	GBP4	0.121057257197535
CSF2RB	GBP4	0.121198628509613
CTSS	GBP4	0.105566511777447
CYTH4	GBP4	0.124782269720252
CYTIP	GBP4	0.136439258846623
DOK2	GBP4	0.123309458181754
FAM78A	GBP4	0.137142968660193
FCGR2B	GBP4	0.104208092403294
AMOTL2	GIGYF1	0.102946701902029
CD40	GIMAP1-GIMAP5	0.169522328566331
CTSS	GIMAP1-GIMAP5	0.197449403938278
GBP4	GIMAP1-GIMAP5	0.142427713350419
CD40	GIMAP4	0.154554355057632
CTSS	GIMAP4	0.213634594717254
GBP4	GIMAP4	0.143300920889643
CD40	GIMAP5	0.169060714680463
CTSS	GIMAP5	0.196418307954018
GBP4	GIMAP5	0.142947431550612
CD40	GIMAP8	0.157509292593158
CTSS	GIMAP8	0.174199185666088
GBP4	GIMAP8	0.142569693502645
CDKL2	GIPC1	0.114270465186652
DDX11	GIPC1	0.107396475172276
ENO1	GIPC1	0.101630048552706
CD40	GMFG	0.178170952724843
CTSS	GMFG	0.253089529001087
GBP4	GMFG	0.148295006784764
EGR1	GNA14	0.14136601404078
ENO1	GNA14	0.162682494097529
CD40	GNGT2	0.10739393375896
CTSS	GNGT2	0.217386585497167
GBP4	GNGT2	0.107149053458985
CD40	GPR174	0.161479672469173
CTSS	GPR174	0.208790268996389
GBP4	GPR174	0.148762544681797
CD40	GPR65	0.118328332299396
CTSS	GPR65	0.2178168995133
GBP4	GPR65	0.116634435633201
EGR1	GPRASP1	0.177673830336627
ENO1	GPRASP1	0.191856520041217
CD40	GRAP2	0.172187960694013
CTSS	GRAP2	0.20463894202688
GBP4	GRAP2	0.13200732689069
CD40	GZMA	0.15879558452096
CTSS	GZMA	0.238286825452588
GBP4	GZMA	0.138431077001873
CD40	GZMK	0.17216749394638
CTSS	GZMK	0.225797168839072
GBP4	GZMK	0.145245977391081
CD40	HAVCR2	0.121303782301763
CTSS	HAVCR2	0.269248020959914
GBP4	HAVCR2	0.10860164983172
AMOTL2	HDAC10	0.137340028498274
ENO1	HERC3	0.129051024387185
ENO1	HJURP	0.108511152713975
AMOTL2	HMG20B	0.178688599491507
DDX11	HMG20B	0.111188733462824
ENO1	HMMR	0.115519979204092
AMOTL2	HSPBP1	0.155415639135305
DDX11	HSPBP1	0.133259379974539
ANKRD44	IDO1	0.121931515967493
AOAH	IDO1	0.155706234964636
BIN2	IDO1	0.146560235966567
C3AR1	IDO1	0.131343420860829
CCL5	IDO1	0.149185705125157
CCR1	IDO1	0.136764116570638
CCR2	IDO1	0.156953090595786
CCR5	IDO1	0.165025330868613
CD226	IDO1	0.113600148148226
CD300A	IDO1	0.136706513494109
CD3D	IDO1	0.150644496239182
CD3G	IDO1	0.152186362403018
CD4	IDO1	0.141324694726157
CD48	IDO1	0.157570327857868
CD53	IDO1	0.163419751963053
CD84	IDO1	0.147190063804306
CD86	IDO1	0.151200549812417
CEACAM21	IDO1	0.145398801966994
CLEC7A	IDO1	0.135810018082928
CMKLR1	IDO1	0.123310842581948
CSF2RB	IDO1	0.127994635602812
CTSS	IDO1	0.140869546472764
CYTH4	IDO1	0.128899797564724
CYTIP	IDO1	0.156911877284963
DOK2	IDO1	0.125847055888486
FAM78A	IDO1	0.140217866965975
FCGR2B	IDO1	0.127892287039892
FGD2	IDO1	0.109178728793193
GIMAP1-GIMAP5	IDO1	0.112786601486506
GIMAP4	IDO1	0.130940076755045
GIMAP5	IDO1	0.113793328484934
GMFG	IDO1	0.145834317152961
GNGT2	IDO1	0.120910535639785
GPR174	IDO1	0.160576212416312
GPR65	IDO1	0.14361224252641
GRAP2	IDO1	0.14087953099624
GZMA	IDO1	0.145703045686628
GZMK	IDO1	0.141338827189006
HAVCR2	IDO1	0.144233579225598
CD40	IGSF6	0.111031231035077
CTSS	IGSF6	0.25967137063768
IDO1	IGSF6	0.122643567087416
EGR1	IHO1	0.159390738558684
ENO1	IHO1	0.162627590742668
CD40	IKZF1	0.166037883707937
CTSS	IKZF1	0.23013091616934
GBP4	IKZF1	0.137601161141577
IDO1	IKZF1	0.158513213213941
CD40	IKZF3	0.160670923486555
CTSS	IKZF3	0.205261236812419
GBP4	IKZF3	0.134713318353518
IDO1	IKZF3	0.160676323119628
CDKL2	IKZF5	0.114499482932884
CD40	IL10RA	0.183785593274889
CTSS	IL10RA	0.271895428106708
GBP4	IL10RA	0.145593007548062
IDO1	IL10RA	0.157114546268076
CD40	IL12RB1	0.140257190551988
CTSS	IL12RB1	0.18701999806417
IDO1	IL12RB1	0.108258446014954
EGR1	INPP5B	0.110300622651394
ENO1	INPP5B	0.165418060763491
AMOTL2	IRF2BP1	0.180390361997751
DDX11	IRF2BP1	0.131444795325538
CD40	ITGAL	0.175212770334236
CTSS	ITGAL	0.236868918966156
GBP4	ITGAL	0.130528139084888
IDO1	ITGAL	0.145486572566087
CD40	ITGB2	0.138837046709262
CTSS	ITGB2	0.248611345816017
GBP4	ITGB2	0.10146967022198
IDO1	ITGB2	0.125471238694274
CD40	ITK	0.171854000754492
CTSS	ITK	0.189429334211842
GBP4	ITK	0.1347693314202
IDO1	ITK	0.133310931512233
EGR1	ITPR1	0.148864341346173
ENO1	ITPR1	0.159338578517739
ABCA10	JAK2	0.140474202613477
ABCA6	JAK2	0.140115939219024
ABCA8	JAK2	0.145338430551798
ABCA9	JAK2	0.149186882664475
ABCA9-AS1	JAK2	0.136082815367085
ABI3BP	JAK2	0.108414334494035
AMELX	JAK2	0.103045334377055
ANKRD12	JAK2	0.121496314265481
ARHGAP10	JAK2	0.141221952227462
ARMCX4	JAK2	0.107380341733284
ASTN2	JAK2	0.101369839821687
C7	JAK2	0.151062787831179
CD34	JAK2	0.141259071540481
CLEC1A	JAK2	0.139675839219231
COL14A1	JAK2	0.148689014401348
CPED1	JAK2	0.163090665333093
CSMD1	JAK2	0.10695064194812
DDX49	JAK2	0.101648797308791
DLG2	JAK2	0.145583597934346
DRICH1	JAK2	0.102866788696102
ECM2	JAK2	0.149201593027939
EEF1AKMT4	JAK2	0.137006195397528
EGR1	JAK2	0.10466440457282
ENO1	JAK2	0.132260588397973
ERG	JAK2	0.117582939674397
EZH1	JAK2	0.13369427137504
F8	JAK2	0.137435897395012
FAM136A	JAK2	0.10238111430892
FAM13C	JAK2	0.161188678809916
FEN1	JAK2	0.120983376301351
GAB1	JAK2	0.153093699219546
GIMAP8	JAK2	0.104717487168697
GIPC1	JAK2	0.110838213032055
GNA14	JAK2	0.136210081924278
GPRASP1	JAK2	0.157114087964746
HERC3	JAK2	0.140099652197723
IHO1	JAK2	0.122447521615527
INPP5B	JAK2	0.100463190932785
ITPR1	JAK2	0.120783960043355
EGR1	JAM2	0.118632674170661
ENO1	JAM2	0.15676366196471
JAK2	JAM2	0.148757246358958
CD40	JAML	0.172476311171397
CTSS	JAML	0.27315491319259
GBP4	JAML	0.146693972046528
IDO1	JAML	0.149582705762325
AMOTL2	JMJD7-PLA2G4B	0.108950497430395
ENO1	KIF2C	0.101056726745587
EGR1	KLF2	0.149307193742169
ENO1	KLF2	0.14801929962736
JAK2	KLF2	0.103649058919581
CDKL2	KLHDC1	0.100523565486741
EGR1	KLHDC1	0.129214809568487
ENO1	KLHDC1	0.151784068753981
JAK2	KLHDC1	0.155777187165351
CD40	KLHL6	0.157783417233765
CTSS	KLHL6	0.243875090965159
GBP4	KLHL6	0.124744954468062
IDO1	KLHL6	0.148759745421045
CD40	KLRC4-KLRK1	0.155234357432512
CTSS	KLRC4-KLRK1	0.205863212349727
GBP4	KLRC4-KLRK1	0.144692099452291
IDO1	KLRC4-KLRK1	0.14741834138511
CD40	KLRD1	0.132528249424324
CTSS	KLRD1	0.170848822215728
GBP4	KLRD1	0.133795963077932
IDO1	KLRD1	0.124791191546524
CD40	KLRK1	0.15077214882348
CTSS	KLRK1	0.201688890126939
GBP4	KLRK1	0.142552289344508
IDO1	KLRK1	0.144512203240043
AMOTL2	KRBA1	0.129023745007664
DDX11	KRBA1	0.107161284951614
CD40	LAIR1	0.141949933419237
CTSS	LAIR1	0.272673523417068
GBP4	LAIR1	0.125411677661368
IDO1	LAIR1	0.146274351188591
EGR1	LAMA2	0.160299252396329
ENO1	LAMA2	0.167840452022139
JAK2	LAMA2	0.15172299710344
CD40	LILRB1	0.138320961521216
CTSS	LILRB1	0.258540478270727
GBP4	LILRB1	0.107455731771855
IDO1	LILRB1	0.134766553204908
CD40	LILRB4	0.114238179030147
CTSS	LILRB4	0.266733566123804
IDO1	LILRB4	0.127090630473423
AMOTL2	LLGL1	0.184970684425291
DDX11	LLGL1	0.119714075323428
AMOTL2	LMF2	0.198450431006656
ENO1	LMNB1	0.104121041765053
EGR1	LRRC59	0.125390631732185
ENO1	LRRC59	0.172818063700956
JAK2	LRRC59	0.103487636100168
EGR1	LRRN3	0.141992800465111
ENO1	LRRN3	0.164981844800209
JAK2	LRRN3	0.122118666289277
CD40	LST1	0.135212255770011
CTSS	LST1	0.258835278329941
GBP4	LST1	0.112293296764619
IDO1	LST1	0.132849513013234
CD40	LY86	0.11448081686805
CTSS	LY86	0.265423635471625
GBP4	LY86	0.104698101741589
IDO1	LY86	0.132887700856943
CD40	LY9	0.169937299980598
CTSS	LY9	0.19093250506662
GBP4	LY9	0.126266027739921
IDO1	LY9	0.13181228318154
ENO1	LYST	0.140433967540456
JAK2	LYST	0.137357231741776
CD40	LYZ	0.123134959997741
CTSS	LYZ	0.26445472031124
GBP4	LYZ	0.109110749210464
IDO1	LYZ	0.137094314097124
AMOTL2	LZTR1	0.14027939175224
AMOTL2	MAMDC4	0.108898349292289
AMOTL2	MAP3K11	0.161554899784411
DDX11	MAP3K11	0.101845380315928
CD40	MARCHF1	0.100086978353717
CTSS	MARCHF1	0.191102862328964
GBP4	MARCHF1	0.102602057517121
IDO1	MARCHF1	0.131322658974567
AMOTL2	MED16	0.165904600215542
EGR1	MEG3	0.149320890598513
ENO1	MEG3	0.149022063866145
ENO1	MELK	0.109860699165285
AMOTL2	MFSD12	0.146015115994349
CDKL2	MFSD12	0.116928277046871
DDX11	MFSD12	0.112299260276273
AMOTL2	MIB2	0.172472065250389
DDX11	MIB2	0.105269834775402
AMOTL2	MIGA2	0.163781911565994
DDX11	MIGA2	0.138457582297421
AMOTL2	MOGS	0.134364370450782
CDKL2	MOGS	0.107647563946628
DDX11	MOGS	0.128315402424589
CD40	MPEG1	0.158999145924994
CTSS	MPEG1	0.270213343489688
GBP4	MPEG1	0.139941483392653
IDO1	MPEG1	0.151904801282573
EGR1	MROH2B	0.129747005860902
ENO1	MROH2B	0.168355894217255
JAK2	MROH2B	0.108411717868926
CD40	MS4A4A	0.130104814740535
CTSS	MS4A4A	0.236298287201866
GBP4	MS4A4A	0.124011535207265
IDO1	MS4A4A	0.126495325103379
EGR1	MYH11	0.159736327134495
ENO1	MYH11	0.163970072725841
JAK2	MYH11	0.116105962628836
AMOTL2	MZF1	0.156618817018691
DDX11	MZF1	0.115454621038787
ENO1	NCAPH	0.100557512312468
CD40	NCF2	0.110698612659363
CTSS	NCF2	0.264887545898366
IDO1	NCF2	0.121046215344463
CD40	NCKAP1L	0.163800322447939
CTSS	NCKAP1L	0.270911562678983
GBP4	NCKAP1L	0.132876189459191
IDO1	NCKAP1L	0.155419036866293
AMOTL2	NCKAP5L	0.15207149230969
AMOTL2	NDUFS7	0.183937042018579
DDX11	NDUFS7	0.136246010484387
CDKL2	NEK1	0.122743441870525
DDX11	NEK1	0.121819560515194
EGR1	NEK1	0.101915901908822
ENO1	NEK1	0.105744324556557
JAK2	NEK1	0.11895624244332
ENO1	NEK2	0.120063654747013
JAK2	NEK2	0.105097847486742
EGR1	NFIC	0.14442387305624
ENO1	NFIC	0.140526532081821
EGR1	NLGN3	0.148569066858924
ENO1	NLGN3	0.164833343606775
JAK2	NLGN3	0.109188852252781
EGR1	NOSTRIN	0.13041259333641
ENO1	NOSTRIN	0.169373725163219
JAK2	NOSTRIN	0.130800551835826
CTSS	NPL	0.260423050646958
IDO1	NPL	0.105926673702374
AMOTL2	NR1H2	0.186075707214698
DDX11	NR1H2	0.111246150244438
AMOTL2	NUDT22	0.158466369494
CDKL2	NUDT22	0.108667239027646
DDX11	NUDT22	0.127877363464611
ENO1	NUF2	0.10153783851326
ANKRD44	OAS3	0.134355240618225
AOAH	OAS3	0.184925145762356
BIN2	OAS3	0.180832095479354
C3AR1	OAS3	0.145003466664773
CCL5	OAS3	0.179510199562853
CCR1	OAS3	0.159220436955885
CCR2	OAS3	0.152439867279053
CCR5	OAS3	0.175460061217524
CD226	OAS3	0.100834069784641
CD300A	OAS3	0.175968247000153
CD300LF	OAS3	0.13829150196259
CD3D	OAS3	0.173625839237478
CD3G	OAS3	0.151475926841464
CD4	OAS3	0.190368475407543
CD48	OAS3	0.185503003865478
CD53	OAS3	0.181286603634313
CD84	OAS3	0.150801228574057
CD86	OAS3	0.157189195680076
CEACAM21	OAS3	0.156028460936078
CLEC7A	OAS3	0.152808818046832
CMKLR1	OAS3	0.138453053916263
CSF2RB	OAS3	0.179566107460374
CTSS	OAS3	0.161599894088368
CYTH4	OAS3	0.187365634649898
CYTIP	OAS3	0.181511744092899
DOK2	OAS3	0.187145317622029
FAM78A	OAS3	0.181818480017217
FCGR2B	OAS3	0.141503299226575
FERMT3	OAS3	0.181171766854273
FGD2	OAS3	0.180907329046802
GIMAP1-GIMAP5	OAS3	0.142078402039851
GIMAP4	OAS3	0.133745417340449
GIMAP5	OAS3	0.140939532067803
GIMAP8	OAS3	0.11114779198915
GMFG	OAS3	0.175056903498519
GNGT2	OAS3	0.115614413418238
GPR174	OAS3	0.146316792322503
GPR65	OAS3	0.126647134235732
GRAP2	OAS3	0.167967563372133
GZMA	OAS3	0.158146078832148
GZMK	OAS3	0.159679807068722
HAVCR2	OAS3	0.16312827515476
IGSF6	OAS3	0.140881352407339
IKZF1	OAS3	0.182282543086783
IKZF3	OAS3	0.172314598401042
IL10RA	OAS3	0.207130759033014
IL12RB1	OAS3	0.184988595149906
ITGAL	OAS3	0.192378521643113
ITGB2	OAS3	0.192419260531525
ITK	OAS3	0.153982694306442
JAML	OAS3	0.176921862146612
KLHL6	OAS3	0.179014364322519
KLRC4-KLRK1	OAS3	0.144818937937138
KLRD1	OAS3	0.10516475374421
KLRK1	OAS3	0.139710295795016
LAIR1	OAS3	0.174683350429676
LILRB1	OAS3	0.185475445174125
LILRB4	OAS3	0.165958953171591
LST1	OAS3	0.176183293985309
LY86	OAS3	0.146998546453195
LY9	OAS3	0.163708679567996
LYZ	OAS3	0.157684234663508
MARCHF1	OAS3	0.112099975011135
MPEG1	OAS3	0.17120121146928
MS4A4A	OAS3	0.134620273407289
NCF2	OAS3	0.157609157844705
NCKAP1L	OAS3	0.187793042657711
NPL	OAS3	0.126891369870213
CD40	P2RY8	0.177003712797918
CTSS	P2RY8	0.197608999962266
GBP4	P2RY8	0.138097494626018
IDO1	P2RY8	0.138538427577162
OAS3	P2RY8	0.16618438989989
ENO1	PALMD	0.142040416444878
JAK2	PALMD	0.138702736055802
ENO1	PCDHB4	0.169945305291292
JAK2	PCDHB4	0.102176547002217
AMOTL2	PCED1A	0.133678317540226
DDX11	PCED1A	0.105744703214164
CDKL2	PCNA-AS1	0.111383325747773
DDX11	PCNA-AS1	0.10598367145508
EGR1	PER3	0.122586388573328
ENO1	PER3	0.171288574031413
JAK2	PER3	0.125040352788491
CDKL2	PGAM5	0.113519724893857
DDX11	PGAM5	0.101791707603685
EGR1	PGAM5	0.125385957352468
ENO1	PGAM5	0.138346893319842
JAK2	PGAM5	0.131966437782664
AMOTL2	PGAP6	0.1480649410302
CDKL2	PGAP6	0.112045165783285
DDX11	PGAP6	0.137407554978102
AMOTL2	PHPT1	0.178665861858174
DDX11	PHPT1	0.11222963118435
DDX11	PICALM	0.118886020678835
AMOTL2	PIDD1	0.173716388750402
DDX11	PIDD1	0.122346024728413
AMOTL2	PIGQ	0.151178716695126
DDX11	PIGQ	0.136648288375249
CD40	PIK3R5	0.167368556420753
CTSS	PIK3R5	0.264566587009655
GBP4	PIK3R5	0.124437293958353
IDO1	PIK3R5	0.140667744701482
OAS3	PIK3R5	0.207063018764996
AMOTL2	PKD1	0.185961409156163
DDX11	PKD1	0.104860366123194
CD40	PLEK	0.144572683923729
CTSS	PLEK	0.265670887903986
GBP4	PLEK	0.125764813970893
IDO1	PLEK	0.147583222305338
OAS3	PLEK	0.169442461770206
AMOTL2	POLD1	0.130869854415026
DDX11	POLD1	0.13587009574006
EGR1	PPIF	0.11798684327725
ENO1	PPIF	0.163672881668083
JAK2	PPIF	0.119813349001209
AMOTL2	PPP1R12C	0.146259360052688
AMOTL2	PPP2R5E	0.109629490496393
EGR1	PRELP	0.144381348774812
ENO1	PRELP	0.170285753052932
JAK2	PRELP	0.119316414782572
CD40	PRF1	0.176731333053329
CTSS	PRF1	0.224582938652004
GBP4	PRF1	0.1333394929378
IDO1	PRF1	0.129575419033381
OAS3	PRF1	0.183289179353455
EGR1	PRKN	0.139974204811887
ENO1	PRKN	0.170539328283547
JAK2	PRKN	0.105817526800604
EGR1	PRRT2	0.160758674350505
ENO1	PRRT2	0.156427912541169
CD40	PTPN7	0.177397951385566
CTSS	PTPN7	0.225787988505111
GBP4	PTPN7	0.134382277029674
IDO1	PTPN7	0.152001405966896
OAS3	PTPN7	0.197378867913407
ENO1	PTTG1	0.12409817903227
ENO1	PYDC5	0.140494174824096
JAK2	PYDC5	0.1361632899174
CD40	RCSD1	0.179259447555471
CTSS	RCSD1	0.232172407826195
GBP4	RCSD1	0.142815094744359
IDO1	RCSD1	0.144210400692373
OAS3	RCSD1	0.171291744215652
CD40	RHOH	0.170816776480087
CTSS	RHOH	0.187164543058233
GBP4	RHOH	0.131763961670017
IDO1	RHOH	0.142683878605136
OAS3	RHOH	0.159428792368514
EGR1	RHOJ	0.127265015211737
ENO1	RHOJ	0.149160070488223
JAK2	RHOJ	0.140092234793791
AMOTL2	RHOT2	0.190427304340038
DDX11	RHOT2	0.152551146646573
CDKL2	RNF38	0.110511140225071
ENO1	RNF38	0.108828445650732
AP1M2	RRM2	0.132179688793957
ARHGAP10	RRM2	0.117548540832815
BRCA1	RRM2	0.212737473142749
BSPRY	RRM2	0.10240376718471
BUB1	RRM2	0.21958914674453
BUB1B	RRM2	0.21249297472328
C7	RRM2	0.10711147896781
CCNB2	RRM2	0.209609766988311
CD34	RRM2	0.117926568841049
CENPF	RRM2	0.213622108886018
CEP55	RRM2	0.215737177103744
CHMP4C	RRM2	0.128570943305988
CKAP2L	RRM2	0.210525047561922
CLEC1A	RRM2	0.133822690897901
CLSPN	RRM2	0.215246208720538
COL14A1	RRM2	0.115634185986126
CPED1	RRM2	0.132074839097737
DEPDC1	RRM2	0.219013760701798
DLG2	RRM2	0.110563186131082
DLGAP5	RRM2	0.211308929711854
ECT2	RRM2	0.222713002164455
EEF1AKMT4	RRM2	0.129753422589327
ENO1	RRM2	0.105725954688165
EPCAM	RRM2	0.134279380729083
ESRP1	RRM2	0.123274256236946
EXO1	RRM2	0.212786067266305
EZH1	RRM2	0.103140475358862
F8	RRM2	0.10740098381542
FAM13C	RRM2	0.11660880583083
FAM83H	RRM2	0.103001295494881
FANCI	RRM2	0.210159698457859
GNA14	RRM2	0.103817659795329
GPRASP1	RRM2	0.123187481587179
GRHL2	RRM2	0.114337915393297
HJURP	RRM2	0.211637869335961
HMMR	RRM2	0.213859005550633
JAM2	RRM2	0.14991757787829
KDF1	RRM2	0.106791096861183
KIF11	RRM2	0.219332092727342
KIF14	RRM2	0.217075341046656
KIF2C	RRM2	0.216950955489562
KIF4A	RRM2	0.215238259819906
KLHDC1	RRM2	0.124199515932871
LAD1	RRM2	0.11927181139686
LAMA2	RRM2	0.107029730081478
LMNB1	RRM2	0.213899828452787
MCM10	RRM2	0.213601143341838
MELK	RRM2	0.21673971114567
NCAPH	RRM2	0.209170759859805
NEIL3	RRM2	0.217584582108754
NEK2	RRM2	0.218465606926548
NUF2	RRM2	0.220515372015487
OVOL2	RRM2	0.103990391077844
PAX8	RRM2	0.103036002231232
PKD1	RRM2	0.10186470323207
PTTG1	RRM2	0.215851514196591
RHOJ	RRM2	0.11392848235836
AMOTL2	RUVBL2	0.119588971716216
CDKL2	RUVBL2	0.111460539231366
DDX11	RUVBL2	0.128497420566007
EGR1	RYR2	0.116664545677996
ENO1	RYR2	0.164854757407168
JAK2	RYR2	0.104915755882981
DDX11	SAPCD2	0.104474591964643
EGR1	SAPCD2	0.10296466374221
ENO1	SAPCD2	0.117201086150839
JAK2	SAPCD2	0.136433254572841
CD40	SASH3	0.174270060020483
CTSS	SASH3	0.276868053093676
GBP4	SASH3	0.135523959680824
IDO1	SASH3	0.160935142948096
OAS3	SASH3	0.206744197938676
AMOTL2	SBF1	0.188777513374756
CD40	SCML4	0.174614731032995
CTSS	SCML4	0.197984450331035
GBP4	SCML4	0.143067810268459
IDO1	SCML4	0.141676827514228
OAS3	SCML4	0.158932689358611
EGR1	SEMA6A	0.11418580694793
ENO1	SEMA6A	0.171014219868112
JAK2	SEMA6A	0.105001917598474
ENO1	SEMA6A-AS1	0.166806466960955
CDKL2	SENP7	0.120753734446724
AMOTL2	SGSM2	0.130295116065456
CD40	SH2D1A	0.177636781236278
CTSS	SH2D1A	0.222755002262088
GBP4	SH2D1A	0.157238856071618
IDO1	SH2D1A	0.161314875334688
OAS3	SH2D1A	0.158133021930978
ENO1	SHCBP1	0.103506302660436
RRM2	SHCBP1	0.21001749948514
AMOTL2	SHOC2	0.118503485751221
DDX11	SHOC2	0.147402915336997
ABCB8	SHROOM1	0.149744537777646
ACAP3	SHROOM1	0.201544111971847
ACTR6	SHROOM1	0.194171866109579
ALDH16A1	SHROOM1	0.126713555735505
AMIGO3	SHROOM1	0.194360313972214
ANAPC2	SHROOM1	0.20515304801845
ANKRD23	SHROOM1	0.140072311056012
AP3S1	SHROOM1	0.109580250052476
AP5Z1	SHROOM1	0.164055591601817
APBA3	SHROOM1	0.13072142298726
API5	SHROOM1	0.201886890420062
ATAD3B	SHROOM1	0.125722768550544
BCAR1	SHROOM1	0.169836880522077
BROX	SHROOM1	0.194786947236312
C1orf159	SHROOM1	0.142923750222404
CACTIN	SHROOM1	0.158746215144404
CACTIN-AS1	SHROOM1	0.143243983537266
CAPN15	SHROOM1	0.13315301672123
CBX3	SHROOM1	0.197760278520453
CCDC154	SHROOM1	0.120754288754154
CCDC183	SHROOM1	0.124769063820822
CCDC9	SHROOM1	0.199062278232589
CDAN1	SHROOM1	0.129727739406223
CDK10	SHROOM1	0.203052549597547
CROCC	SHROOM1	0.204975847753691
CSNK1G2	SHROOM1	0.148683235418881
CTBP1-AS	SHROOM1	0.167446690903691
DGKQ	SHROOM1	0.141157396152199
DGKZ	SHROOM1	0.207701872000373
DUS3L	SHROOM1	0.138349343311658
E4F1	SHROOM1	0.130954527693799
ECHDC1	SHROOM1	0.1324614633953
EML3	SHROOM1	0.192424430054638
FAAP100	SHROOM1	0.147424405934943
FAM193B	SHROOM1	0.206167591772422
FASTK	SHROOM1	0.120955214649316
FBXW5	SHROOM1	0.162198843864854
GIGYF1	SHROOM1	0.180301878502241
HDAC10	SHROOM1	0.20099484722636
HMG20B	SHROOM1	0.17395168356001
HSPBP1	SHROOM1	0.104850321458006
IRF2BP1	SHROOM1	0.127746840035701
JMJD7-PLA2G4B	SHROOM1	0.183362258476581
KRBA1	SHROOM1	0.161310566305567
LLGL1	SHROOM1	0.15937441541459
LMF2	SHROOM1	0.166445138369628
LZTR1	SHROOM1	0.200462328948936
MAMDC4	SHROOM1	0.186766794580955
MAP3K11	SHROOM1	0.195154737600969
MED16	SHROOM1	0.201958446164212
MIB2	SHROOM1	0.196941628053147
MIGA2	SHROOM1	0.112961326561337
MZF1	SHROOM1	0.183063283705745
NCKAP5L	SHROOM1	0.197597024887235
NDUFS7	SHROOM1	0.118199059151199
NFIC	SHROOM1	0.108823606248476
NR1H2	SHROOM1	0.124188204458167
NUDT22	SHROOM1	0.116966076722255
PCED1A	SHROOM1	0.190150900548035
PHPT1	SHROOM1	0.124661522463169
PIDD1	SHROOM1	0.204513200243497
PKD1	SHROOM1	0.163177297526101
PLA2G4B	SHROOM1	0.178768653477295
POLD1	SHROOM1	0.125417206903445
PPP1R12C	SHROOM1	0.20977187658661
PPP2R5E	SHROOM1	0.170417613310155
PRRT2	SHROOM1	0.101670972190304
PTBP3	SHROOM1	0.12083384153192
QTRT1	SHROOM1	0.117802280098857
RHOT2	SHROOM1	0.164958640400287
SBF1	SHROOM1	0.181921905115594
SGSM2	SHROOM1	0.195485572397603
SH2B1	SHROOM1	0.15688960318369
AMOTL2	SIRT6	0.181109577804374
CDKL2	SIRT6	0.107201215600986
DDX11	SIRT6	0.137797989725168
SHROOM1	SIRT6	0.132885423493891
CD40	SLA	0.171695623162881
CTSS	SLA	0.25625289035101
GBP4	SLA	0.144114558572714
IDO1	SLA	0.155613576406171
OAS3	SLA	0.178610345262335
CD40	SLAMF1	0.172477434611414
CTSS	SLAMF1	0.196287067436086
GBP4	SLAMF1	0.132247094244654
IDO1	SLAMF1	0.151175400818774
OAS3	SLAMF1	0.170359803979909
CD40	SLAMF6	0.186123610437899
CTSS	SLAMF6	0.23427919983901
GBP4	SLAMF6	0.157801253670605
IDO1	SLAMF6	0.171279514509373
OAS3	SLAMF6	0.175749310753731
CD40	SLAMF8	0.101169698378591
CTSS	SLAMF8	0.217882645726832
GBP4	SLAMF8	0.101799236038443
IDO1	SLAMF8	0.125323366119104
OAS3	SLAMF8	0.120934607905278
CD40	SLFN12L	0.182463103579004
CTSS	SLFN12L	0.199969948862597
GBP4	SLFN12L	0.156557711558552
IDO1	SLFN12L	0.151623971766776
OAS3	SLFN12L	0.155338228023112
RRM2	SMPDL3B	0.106273921544597
CDKL2	SNRPB	0.107385658925524
ENO1	SNRPB	0.104563615221492
JAK2	SNRPB	0.112017441047225
CD40	SNX20	0.177325864021685
CTSS	SNX20	0.271982939993053
GBP4	SNX20	0.148764393850831
IDO1	SNX20	0.170566648893589
OAS3	SNX20	0.20340375224895
AMOTL2	SPAST	0.133652216433498
SHROOM1	SPAST	0.193998978815325
AMOTL2	SPHK2	0.155465153380525
DDX11	SPHK2	0.135205404482415
SHROOM1	SPHK2	0.138906409697662
CD40	SPN	0.17055228959054
CTSS	SPN	0.252248120054321
GBP4	SPN	0.141021750232646
IDO1	SPN	0.156325989905722
OAS3	SPN	0.187413582146171
AMOTL2	SPPL2B	0.195998561143129
DDX11	SPPL2B	0.135969962288128
SHROOM1	SPPL2B	0.185748092646487
EGR1	STARD9	0.191239681900825
ENO1	STARD9	0.20144986720974
JAK2	STARD9	0.157216081642459
RRM2	STARD9	0.108942980111218
AMOTL2	STK11	0.177605043795531
DDX11	STK11	0.111504739770924
SHROOM1	STK11	0.149794489071211
JAK2	STOM	0.101249958791693
CD40	STX11	0.115964236609573
CTSS	STX11	0.171319193275011
OAS3	STX11	0.114171454808984
CDKL2	SWT1	0.124133397674935
ENO1	SYCE1	0.163828373316682
JAK2	SYCE1	0.109252858331156
EGR1	SYNE1	0.145781048850979
ENO1	SYNE1	0.144222702298761
JAK2	SYNE1	0.118872141003406
EGR1	SYNPO2	0.129962235247923
ENO1	SYNPO2	0.145058754865835
JAK2	SYNPO2	0.14085849460726
RRM2	SYNPO2	0.126424797510205
AMOTL2	SZT2-AS1	0.133959044015551
SHROOM1	SZT2-AS1	0.199118772403362
CD40	TASL	0.132136558023161
CTSS	TASL	0.239724400169894
GBP4	TASL	0.124048236609078
IDO1	TASL	0.151059153386673
OAS3	TASL	0.148349015489755
AMOTL2	TBL3	0.16264518712495
DDX11	TBL3	0.139026531209542
SHROOM1	TCEA2	0.132231651764675
AMOTL2	TECPR1	0.181799124862882
DDX11	TECPR1	0.115289624876883
SHROOM1	TECPR1	0.181708637833682
AMOTL2	TELO2	0.181608350109712
DDX11	TELO2	0.143643071199088
SHROOM1	TELO2	0.174905324809726
CD40	TFEC	0.125060666846525
CTSS	TFEC	0.242709991273078
GBP4	TFEC	0.124868048889222
IDO1	TFEC	0.150617746532619
OAS3	TFEC	0.141031922818371
CD40	THEMIS	0.165594886998326
CTSS	THEMIS	0.189647177059795
GBP4	THEMIS	0.152224490356345
IDO1	THEMIS	0.141597194411094
OAS3	THEMIS	0.132321546031563
CD40	TIGIT	0.1551923790827
CTSS	TIGIT	0.188556980726286
GBP4	TIGIT	0.136267310157945
IDO1	TIGIT	0.14974404689905
OAS3	TIGIT	0.143656946534373
SHROOM1	TIPRL	0.201840669332182
CTSS	TLR4	0.123835848882625
GBP4	TLR4	0.103975111791256
CD40	TMC8	0.143098569542678
CTSS	TMC8	0.18356199107032
GBP4	TMC8	0.101213839353703
IDO1	TMC8	0.11708284862091
OAS3	TMC8	0.177593096657999
AMOTL2	TMEM104	0.104470127592956
CDKL2	TMEM104	0.11510696577941
AMOTL2	TMEM160	0.155953594171579
CDKL2	TMEM160	0.104451826126649
DDX11	TMEM160	0.137830317564306
SHROOM1	TMEM160	0.110558547446627
AMOTL2	TMEM175	0.140638198841413
SHROOM1	TMEM175	0.198048880171161
AMOTL2	TMEM259	0.209143527205844
DDX11	TMEM259	0.134732216433275
SHROOM1	TMEM259	0.179810095632103
CTSS	TMIGD3	0.27464727728625
IDO1	TMIGD3	0.103959366978863
OAS3	TMIGD3	0.124892207392782
AMOTL2	TMUB1	0.145202967164998
DDX11	TMUB1	0.135624214164143
SHROOM1	TMUB1	0.111541536471143
CD274	TNFSF13B	0.101396671971917
CTSS	TNFSF13B	0.199714744756323
GBP4	TNFSF13B	0.103440099753244
IDO1	TNFSF13B	0.123566196163407
OAS3	TNFSF13B	0.112900886239718
CD40	TNFSF8	0.147774194150485
CTSS	TNFSF8	0.219742361997084
GBP4	TNFSF8	0.13138739417972
IDO1	TNFSF8	0.141896769752214
OAS3	TNFSF8	0.144674339520645
EGR1	TNS2	0.154797779027755
ENO1	TNS2	0.177358376592195
JAK2	TNS2	0.113286829076722
RRM2	TNS2	0.125785414229411
SHROOM1	TNS2	0.143493700218621
ENO1	TOP2A	0.108492307998658
RRM2	TOP2A	0.214057922690051
AMOTL2	TP53I13	0.177363632677745
DDX11	TP53I13	0.117570885215516
SHROOM1	TP53I13	0.131089835762378
CDKL2	TPI1	0.109812990927796
EGR1	TPI1	0.119823249222346
ENO1	TPI1	0.158721115257571
JAK2	TPI1	0.131348245401204
AMOTL2	TRMT2A	0.160896781482777
SHROOM1	TRMT2A	0.19240067324535
CDKL2	TSPAN17	0.110796668549361
DDX11	TSPAN17	0.102132430459812
SHROOM1	TSPOAP1	0.109572467317583
EGR1	TSPYL2	0.150685504154864
ENO1	TSPYL2	0.147780666127375
RRM2	TTK	0.215967596459163
AMOTL2	TUBGCP6	0.133902867144539
SHROOM1	TUBGCP6	0.199040406890675
AMOTL2	TYK2	0.140230760156291
SHROOM1	TYK2	0.194142388391748
EGR1	VAMP2	0.143903391994356
ENO1	VAMP2	0.152134637508093
AMOTL2	WDR18	0.165530252279787
CDKL2	WDR18	0.105709796515821
DDX11	WDR18	0.142348540611591
SHROOM1	WDR18	0.106799256488144
AMOTL2	WDR24	0.158252178146295
DDX11	WDR24	0.12819930537123
SHROOM1	WDR24	0.150512566764517
AMOTL2	WDR90	0.123411227249113
DDX11	WDR90	0.11758735346312
GPR173	WDR90	0.101798055944122
SHROOM1	WDR90	0.15187567327711
CDKL2	YKT6	0.107964319493111
EGR1	YKT6	0.132658425883951
ENO1	YKT6	0.163439957512209
JAK2	YKT6	0.121140332514803
EGR1	ZBTB20-AS1	0.137210856224353
ENO1	ZBTB20-AS1	0.166551578834352
CD40	ZC3H12D	0.162740132093894
CTSS	ZC3H12D	0.188876932337114
GBP4	ZC3H12D	0.121295763256424
IDO1	ZC3H12D	0.121409380534456
OAS3	ZC3H12D	0.178506967382873
AMOTL2	ZDHHC12	0.100423349936056
CDKL2	ZDHHC12	0.124296171427461
DDX11	ZDHHC12	0.114279051445164
EGR1	ZEB2	0.102411014839972
ENO1	ZEB2	0.121047922080989
JAK2	ZEB2	0.13894770376631
SHROOM1	ZNF276	0.192581019984662
CD40	ZNF831	0.177058061324523
CTSS	ZNF831	0.179874025937404
GBP4	ZNF831	0.134338364612658
IDO1	ZNF831	0.119564988869731
OAS3	ZNF831	0.157350162231937
